dataset,species,band,edge,region,method,n_used,prevalence,brier_in_sample,practical_range_km,fit_seconds
EBS,Careproctus rastrinus,rare,east,extent,RF,3000,0.06,0.0112976472747353,546.249207654303,0.655633449554443
EBS,Careproctus rastrinus,rare,east,extent,SpatialRF,3000,0.06,0.00938037431679363,546.249207654303,1.09356355667114
EBS,Careproctus rastrinus,rare,east,extent,BRT,3000,0.06,0.0242973458028116,546.249207654303,0.454401969909668
EBS,Careproctus rastrinus,rare,east,extent,MaxEntPO,3000,0.06,0.0524727980922748,546.249207654303,0.0840194225311279
EBS,Careproctus rastrinus,rare,east,extent,SpatialGAM,3000,0.06,0.0437420099719519,546.249207654303,5.31327843666077
EBS,Careproctus rastrinus,rare,east,extent,GeostatGP,3000,0.06,0.043942575861791,546.249207654303,3.31816077232361
EBS,Careproctus rastrinus,rare,west,block,RF,2761,0.186526620789569,0.0283047776420594,546.249207654303,0.750057220458984
EBS,Careproctus rastrinus,rare,west,block,SpatialRF,2761,0.186526620789569,0.0232411396342807,546.249207654303,1.61717629432678
EBS,Careproctus rastrinus,rare,west,block,BRT,2761,0.186526620789569,0.0775372901032184,546.249207654303,0.40768837928772
EBS,Careproctus rastrinus,rare,west,block,MaxEntPO,2761,0.186526620789569,0.176038207510491,546.249207654303,0.0216977596282959
EBS,Careproctus rastrinus,rare,west,block,SpatialGAM,2761,0.186526620789569,0.128148850511104,546.249207654303,3.49617290496826
EBS,Careproctus rastrinus,rare,west,block,GeostatGP,2761,0.186526620789569,0.128537530097332,546.249207654303,2.7219614982605
EBS,Careproctus rastrinus,rare,west,extent,RF,3000,0.013,0.00348822884349825,546.249207654303,0.415878057479858
EBS,Careproctus rastrinus,rare,west,extent,SpatialRF,3000,0.013,0.00249039095296456,546.249207654303,0.674738645553589
EBS,Careproctus rastrinus,rare,west,extent,BRT,3000,0.013,0.00328905807339331,546.249207654303,0.405673503875732
EBS,Careproctus rastrinus,rare,west,extent,MaxEntPO,3000,0.013,0.255166253872493,546.249207654303,0.0128409862518311
EBS,Careproctus rastrinus,rare,west,extent,SpatialGAM,3000,0.013,0.0100906176717866,546.249207654303,3.3876211643219
EBS,Careproctus rastrinus,rare,west,extent,GeostatGP,3000,0.013,0.0100795553372209,546.249207654303,2.6430196762085
EBS,Careproctus rastrinus,rare,north,block,RF,2762,0.166183924692252,0.0226801209095948,546.249207654303,0.692507028579712
EBS,Careproctus rastrinus,rare,north,block,SpatialRF,2762,0.166183924692252,0.0204130372856138,546.249207654303,1.38280701637268
EBS,Careproctus rastrinus,rare,north,block,BRT,2762,0.166183924692252,0.0605042821436905,546.249207654303,0.400386333465576
EBS,Careproctus rastrinus,rare,north,block,MaxEntPO,2762,0.166183924692252,0.12991125087661,546.249207654303,0.0138347148895264
EBS,Careproctus rastrinus,rare,north,block,SpatialGAM,2762,0.166183924692252,0.113827961725093,546.249207654303,3.75449514389038
EBS,Careproctus rastrinus,rare,north,block,GeostatGP,2762,0.166183924692252,0.114011392950936,546.249207654303,2.6549026966095
EBS,Careproctus rastrinus,rare,north,extent,RF,3000,0.0216666666666667,0.00513300728119836,546.249207654303,0.494859457015991
EBS,Careproctus rastrinus,rare,north,extent,SpatialRF,3000,0.0216666666666667,0.00426453539325426,546.249207654303,0.741309881210327
EBS,Careproctus rastrinus,rare,north,extent,BRT,3000,0.0216666666666667,0.0074975597520886,546.249207654303,0.398354768753052
EBS,Careproctus rastrinus,rare,north,extent,MaxEntPO,3000,0.0216666666666667,0.0442832354068394,546.249207654303,0.0123355388641357
EBS,Careproctus rastrinus,rare,north,extent,SpatialGAM,3000,0.0216666666666667,0.0172415419635713,546.249207654303,5.7486572265625
EBS,Careproctus rastrinus,rare,north,extent,GeostatGP,3000,0.0216666666666667,0.0172687048680873,546.249207654303,2.74380826950073
EBS,Careproctus rastrinus,rare,south,block,RF,2761,0.0086925027164071,0.0019794121987846,546.249207654303,0.271835803985596
EBS,Careproctus rastrinus,rare,south,block,SpatialRF,2761,0.0086925027164071,0.00160535982577967,546.249207654303,0.427980422973633
EBS,Careproctus rastrinus,rare,south,block,BRT,2761,0.0086925027164071,0.000468475981762096,546.249207654303,0.338248014450073
EBS,Careproctus rastrinus,rare,south,block,MaxEntPO,2761,0.0086925027164071,0.0256688635383873,546.249207654303,0.0112168788909912
EBS,Careproctus rastrinus,rare,south,block,SpatialGAM,2761,0.0086925027164071,0.00700995008712815,546.249207654303,4.03072094917297
EBS,Careproctus rastrinus,rare,south,block,GeostatGP,2761,0.0086925027164071,0.00700083902044732,546.249207654303,2.44727110862732
EBS,Careproctus rastrinus,rare,south,extent,RF,3000,0.063,0.0111408614088914,546.249207654303,0.592730045318604
EBS,Careproctus rastrinus,rare,south,extent,SpatialRF,3000,0.063,0.00894071263756604,546.249207654303,0.996331691741943
EBS,Careproctus rastrinus,rare,south,extent,BRT,3000,0.063,0.0229857417386375,546.249207654303,0.437702655792236
EBS,Careproctus rastrinus,rare,south,extent,MaxEntPO,3000,0.063,0.0515536369959435,546.249207654303,0.0133061408996582
EBS,Careproctus rastrinus,rare,south,extent,SpatialGAM,3000,0.063,0.0433132408618682,546.249207654303,5.12480878829956
EBS,Careproctus rastrinus,rare,south,extent,GeostatGP,3000,0.063,0.0431406032661348,546.249207654303,2.92480754852295
EBS,Gymnocanthus galeatus,rare,east,block,RF,2761,0.0257153205360377,0.00620848203140929,546.432099192065,0.434172868728638
EBS,Gymnocanthus galeatus,rare,east,block,SpatialRF,2761,0.0257153205360377,0.00531700060285271,546.432099192065,0.874720335006714
EBS,Gymnocanthus galeatus,rare,east,block,BRT,2761,0.0257153205360377,0.00909238818271685,546.432099192065,0.405259847640991
EBS,Gymnocanthus galeatus,rare,east,block,MaxEntPO,2761,0.0257153205360377,0.137579976843403,546.432099192065,0.0115082263946533
EBS,Gymnocanthus galeatus,rare,east,block,SpatialGAM,2761,0.0257153205360377,0.0241381143209422,546.432099192065,5.96917200088501
EBS,Gymnocanthus galeatus,rare,east,block,GeostatGP,2761,0.0257153205360377,0.0239301766603237,546.432099192065,2.64048862457275
EBS,Gymnocanthus galeatus,rare,east,extent,RF,3000,0.041,0.0106782803201445,546.432099192065,0.64366602897644
EBS,Gymnocanthus galeatus,rare,east,extent,SpatialRF,3000,0.041,0.00631699431447607,546.432099192065,1.26201128959656
EBS,Gymnocanthus galeatus,rare,east,extent,BRT,3000,0.041,0.0210432737524572,546.432099192065,0.413470506668091
EBS,Gymnocanthus galeatus,rare,east,extent,MaxEntPO,3000,0.041,0.143573588401935,546.432099192065,0.0122683048248291
EBS,Gymnocanthus galeatus,rare,east,extent,SpatialGAM,3000,0.041,0.0294450380400679,546.432099192065,4.04229640960693
EBS,Gymnocanthus galeatus,rare,east,extent,GeostatGP,3000,0.041,0.0299721773630982,546.432099192065,2.30182719230652
EBS,Gymnocanthus galeatus,rare,west,block,RF,2761,0.0101412531691416,0.0033593003336664,546.432099192065,0.43165135383606
EBS,Gymnocanthus galeatus,rare,west,block,SpatialRF,2761,0.0101412531691416,0.0026682841585172,546.432099192065,0.686437845230103
EBS,Gymnocanthus galeatus,rare,west,block,BRT,2761,0.0101412531691416,0.00278682017335983,546.432099192065,0.367842674255371
EBS,Gymnocanthus galeatus,rare,west,block,MaxEntPO,2761,0.0101412531691416,0.39689666482187,546.432099192065,0.0121455192565918
EBS,Gymnocanthus galeatus,rare,west,block,SpatialGAM,2761,0.0101412531691416,0.00987982600660413,546.432099192065,2.55514168739319
EBS,Gymnocanthus galeatus,rare,west,block,GeostatGP,2761,0.0101412531691416,0.00988597920494892,546.432099192065,2.75452160835266
EBS,Gymnocanthus galeatus,rare,west,extent,RF,3000,0.0413333333333333,0.0104156241426292,546.432099192065,0.654587984085083
EBS,Gymnocanthus galeatus,rare,west,extent,SpatialRF,3000,0.0413333333333333,0.00556282633668896,546.432099192065,1.07493138313293
EBS,Gymnocanthus galeatus,rare,west,extent,BRT,3000,0.0413333333333333,0.0217621356704862,546.432099192065,0.414759397506714
EBS,Gymnocanthus galeatus,rare,west,extent,MaxEntPO,3000,0.0413333333333333,0.214163745258325,546.432099192065,0.0124056339263916
EBS,Gymnocanthus galeatus,rare,west,extent,SpatialGAM,3000,0.0413333333333333,0.0290058682494076,546.432099192065,3.36243367195129
EBS,Gymnocanthus galeatus,rare,west,extent,GeostatGP,3000,0.0413333333333333,0.0296854194955302,546.432099192065,2.25125861167908
EBS,Gymnocanthus galeatus,rare,north,block,RF,2762,0.0159304851556843,0.00531221981942224,546.432099192065,0.469573259353638
EBS,Gymnocanthus galeatus,rare,north,block,SpatialRF,2762,0.0159304851556843,0.00358708240647232,546.432099192065,0.879426717758179
EBS,Gymnocanthus galeatus,rare,north,block,BRT,2762,0.0159304851556843,0.00675332447151269,546.432099192065,0.380398750305176
EBS,Gymnocanthus galeatus,rare,north,block,MaxEntPO,2762,0.0159304851556843,0.39536691169137,546.432099192065,0.0117728710174561
EBS,Gymnocanthus galeatus,rare,north,block,SpatialGAM,2762,0.0159304851556843,0.0153940747023138,546.432099192065,5.41495180130005
EBS,Gymnocanthus galeatus,rare,north,block,GeostatGP,2762,0.0159304851556843,0.0153972748434305,546.432099192065,2.16573858261108
EBS,Gymnocanthus galeatus,rare,north,extent,RF,3000,0.0403333333333333,0.0105555370273372,546.432099192065,0.643370389938355
EBS,Gymnocanthus galeatus,rare,north,extent,SpatialRF,3000,0.0403333333333333,0.00567976323702767,546.432099192065,1.0279700756073
EBS,Gymnocanthus galeatus,rare,north,extent,BRT,3000,0.0403333333333333,0.0216755734463269,546.432099192065,0.443385362625122
EBS,Gymnocanthus galeatus,rare,north,extent,MaxEntPO,3000,0.0403333333333333,0.212898879742906,546.432099192065,0.0125467777252197
EBS,Gymnocanthus galeatus,rare,north,extent,SpatialGAM,3000,0.0403333333333333,0.0306303201395417,546.432099192065,4.05807304382324
EBS,Gymnocanthus galeatus,rare,north,extent,GeostatGP,3000,0.0403333333333333,0.0314619143804512,546.432099192065,2.02452611923218
EBS,Gymnocanthus galeatus,rare,south,block,RF,2761,0.0278884462151394,0.0071500016417724,546.432099192065,0.581034183502197
EBS,Gymnocanthus galeatus,rare,south,block,SpatialRF,2761,0.0278884462151394,0.00415132496292108,546.432099192065,0.762770414352417
EBS,Gymnocanthus galeatus,rare,south,block,BRT,2761,0.0278884462151394,0.0111049003165652,546.432099192065,0.393516540527344
EBS,Gymnocanthus galeatus,rare,south,block,MaxEntPO,2761,0.0278884462151394,0.0302830871326593,546.432099192065,0.0179069042205811
EBS,Gymnocanthus galeatus,rare,south,block,SpatialGAM,2761,0.0278884462151394,0.016902860831544,546.432099192065,2.09918260574341
EBS,Gymnocanthus galeatus,rare,south,block,GeostatGP,2761,0.0278884462151394,0.0170118079925037,546.432099192065,2.63506078720093
EBS,Gymnocanthus galeatus,rare,south,extent,RF,3000,0.042,0.010652441239517,546.432099192065,0.717616081237793
EBS,Gymnocanthus galeatus,rare,south,extent,SpatialRF,3000,0.042,0.00652872747591655,546.432099192065,1.07465767860413
EBS,Gymnocanthus galeatus,rare,south,extent,BRT,3000,0.042,0.0216944053885521,546.432099192065,0.426987648010254
EBS,Gymnocanthus galeatus,rare,south,extent,MaxEntPO,3000,0.042,0.149676061527754,546.432099192065,0.0131180286407471
EBS,Gymnocanthus galeatus,rare,south,extent,SpatialGAM,3000,0.042,0.0325756544926388,546.432099192065,2.54470109939575
EBS,Gymnocanthus galeatus,rare,south,extent,GeostatGP,3000,0.042,0.0331643297335147,546.432099192065,2.80472350120544
EBS,Limanda sakhalinensis,rare,east,extent,RF,3000,0.0453333333333333,0.00931616293493117,547.918196572647,0.588971853256226
EBS,Limanda sakhalinensis,rare,east,extent,SpatialRF,3000,0.0453333333333333,0.00685218933467407,547.918196572647,0.872006177902222
EBS,Limanda sakhalinensis,rare,east,extent,BRT,3000,0.0453333333333333,0.0183982943838596,547.918196572647,0.415451765060425
EBS,Limanda sakhalinensis,rare,east,extent,MaxEntPO,3000,0.0453333333333333,0.0346473750961737,547.918196572647,0.014061450958252
EBS,Limanda sakhalinensis,rare,east,extent,SpatialGAM,3000,0.0453333333333333,0.0287025469877126,547.918196572647,3.69031476974487
EBS,Limanda sakhalinensis,rare,east,extent,GeostatGP,3000,0.0453333333333333,0.0288297281342352,547.918196572647,3.14563822746277
EBS,Limanda sakhalinensis,rare,west,block,RF,2761,0.0789568996740312,0.00961968687751872,547.918196572647,0.45747971534729
EBS,Limanda sakhalinensis,rare,west,block,SpatialRF,2761,0.0789568996740312,0.00841497337254328,547.918196572647,0.853432178497315
EBS,Limanda sakhalinensis,rare,west,block,BRT,2761,0.0789568996740312,0.0180575043161163,547.918196572647,0.347176790237427
EBS,Limanda sakhalinensis,rare,west,block,MaxEntPO,2761,0.0789568996740312,0.0501670918323304,547.918196572647,0.0167603492736816
EBS,Limanda sakhalinensis,rare,west,block,SpatialGAM,2761,0.0789568996740312,0.0371003397173867,547.918196572647,4.09235048294067
EBS,Limanda sakhalinensis,rare,west,block,GeostatGP,2761,0.0789568996740312,0.0370551614184608,547.918196572647,2.74127626419067
EBS,Limanda sakhalinensis,rare,west,extent,RF,3000,0.028,0.007545066845426,547.918196572647,0.605556726455689
EBS,Limanda sakhalinensis,rare,west,extent,SpatialRF,3000,0.028,0.00513259344737567,547.918196572647,0.717221736907959
EBS,Limanda sakhalinensis,rare,west,extent,BRT,3000,0.028,0.0131444121041668,547.918196572647,0.387614250183105
EBS,Limanda sakhalinensis,rare,west,extent,MaxEntPO,3000,0.028,0.0303777276497274,547.918196572647,0.0124466419219971
EBS,Limanda sakhalinensis,rare,west,extent,SpatialGAM,3000,0.028,0.0202595264633708,547.918196572647,4.20424509048462
EBS,Limanda sakhalinensis,rare,west,extent,GeostatGP,3000,0.028,0.0202570811602534,547.918196572647,2.56984496116638
EBS,Limanda sakhalinensis,rare,north,block,RF,2762,0.158942795076032,0.0261214824240065,547.918196572647,0.834224939346314
EBS,Limanda sakhalinensis,rare,north,block,SpatialRF,2762,0.158942795076032,0.0212855623532241,547.918196572647,1.39882373809814
EBS,Limanda sakhalinensis,rare,north,block,BRT,2762,0.158942795076032,0.0716497532061831,547.918196572647,0.39278769493103
EBS,Limanda sakhalinensis,rare,north,block,MaxEntPO,2762,0.158942795076032,0.106939140974017,547.918196572647,0.014970064163208
EBS,Limanda sakhalinensis,rare,north,block,SpatialGAM,2762,0.158942795076032,0.0927207992364012,547.918196572647,3.90412425994873
EBS,Limanda sakhalinensis,rare,north,block,GeostatGP,2762,0.158942795076032,0.0925945285945312,547.918196572647,3.02140116691589
EBS,Limanda sakhalinensis,rare,north,extent,RF,3000,0.00633333333333333,0.00192904215150829,547.918196572647,0.458298206329346
EBS,Limanda sakhalinensis,rare,north,extent,SpatialRF,3000,0.00633333333333333,0.00148087687448037,547.918196572647,0.627128839492798
EBS,Limanda sakhalinensis,rare,north,extent,BRT,3000,0.00633333333333333,0.000771366746477991,547.918196572647,0.415467500686646
EBS,Limanda sakhalinensis,rare,north,extent,MaxEntPO,3000,0.00633333333333333,0.397902873815233,547.918196572647,0.0133323669433594
EBS,Limanda sakhalinensis,rare,north,extent,SpatialGAM,3000,0.00633333333333333,0.00600946026391168,547.918196572647,3.57629561424255
EBS,Limanda sakhalinensis,rare,north,extent,GeostatGP,3000,0.00633333333333333,0.0060223317481153,547.918196572647,2.69593811035156
EBS,Limanda sakhalinensis,rare,south,extent,RF,3000,0.0456666666666667,0.0103253328241217,547.918196572647,0.583909034729004
EBS,Limanda sakhalinensis,rare,south,extent,SpatialRF,3000,0.0456666666666667,0.00677805598284555,547.918196572647,0.908696413040161
EBS,Limanda sakhalinensis,rare,south,extent,BRT,3000,0.0456666666666667,0.0214556751999043,547.918196572647,0.421573638916016
EBS,Limanda sakhalinensis,rare,south,extent,MaxEntPO,3000,0.0456666666666667,0.0363486626678916,547.918196572647,0.0155808925628662
EBS,Limanda sakhalinensis,rare,south,extent,SpatialGAM,3000,0.0456666666666667,0.0290127588016866,547.918196572647,3.90913224220276
EBS,Limanda sakhalinensis,rare,south,extent,GeostatGP,3000,0.0456666666666667,0.0293084971245599,547.918196572647,2.7604238986969
EBS,Careproctus phasma,rare,east,extent,RF,3000,0.0316666666666667,0.00643773536843848,118.497038306563,0.497964859008789
EBS,Careproctus phasma,rare,east,extent,SpatialRF,3000,0.0316666666666667,0.00558994142351396,118.497038306563,0.894842624664307
EBS,Careproctus phasma,rare,east,extent,BRT,3000,0.0316666666666667,0.0108738478089905,118.497038306563,0.408447980880737
EBS,Careproctus phasma,rare,east,extent,MaxEntPO,3000,0.0316666666666667,0.044281498443189,118.497038306563,0.0126292705535889
EBS,Careproctus phasma,rare,east,extent,SpatialGAM,3000,0.0316666666666667,0.0274688145208814,118.497038306563,4.38830590248108
EBS,Careproctus phasma,rare,east,extent,GeostatGP,3000,0.0316666666666667,0.0275101642480679,118.497038306563,2.83172631263733
EBS,Careproctus phasma,rare,west,block,RF,2761,0.0858384643245201,0.0159038875462078,118.497038306563,0.62894868850708
EBS,Careproctus phasma,rare,west,block,SpatialRF,2761,0.0858384643245201,0.0132547794621193,118.497038306563,1.20682430267334
EBS,Careproctus phasma,rare,west,block,BRT,2761,0.0858384643245201,0.0371412782327543,118.497038306563,0.366608619689941
EBS,Careproctus phasma,rare,west,block,MaxEntPO,2761,0.0858384643245201,0.0805044238128012,118.497038306563,0.0177986621856689
EBS,Careproctus phasma,rare,west,block,SpatialGAM,2761,0.0858384643245201,0.0732360041456972,118.497038306563,3.34869050979614
EBS,Careproctus phasma,rare,west,block,GeostatGP,2761,0.0858384643245201,0.0734007244289992,118.497038306563,2.6069643497467
EBS,Careproctus phasma,rare,west,extent,RF,3000,0.007,0.0021758227841739,118.497038306563,0.334652662277222
EBS,Careproctus phasma,rare,west,extent,SpatialRF,3000,0.007,0.00154306525821141,118.497038306563,0.498519897460938
EBS,Careproctus phasma,rare,west,extent,BRT,3000,0.007,0.000908652281534411,118.497038306563,0.39658260345459
EBS,Careproctus phasma,rare,west,extent,MaxEntPO,3000,0.007,0.397726713070128,118.497038306563,0.0122549533843994
EBS,Careproctus phasma,rare,west,extent,SpatialGAM,3000,0.007,0.00664165108832183,118.497038306563,4.24998116493225
EBS,Careproctus phasma,rare,west,extent,GeostatGP,3000,0.007,0.0064156006888013,118.497038306563,2.61185479164124
EBS,Careproctus phasma,rare,north,block,RF,2762,0.0789283128167994,0.0142500254875968,118.497038306563,0.574432373046875
EBS,Careproctus phasma,rare,north,block,SpatialRF,2762,0.0789283128167994,0.0119742210373524,118.497038306563,1.15466737747192
EBS,Careproctus phasma,rare,north,block,BRT,2762,0.0789283128167994,0.0317958542789062,118.497038306563,0.363644123077393
EBS,Careproctus phasma,rare,north,block,MaxEntPO,2762,0.0789283128167994,0.171702489439864,118.497038306563,0.0142350196838379
EBS,Careproctus phasma,rare,north,block,SpatialGAM,2762,0.0789283128167994,0.0670611252371979,118.497038306563,3.83079123497009
EBS,Careproctus phasma,rare,north,block,GeostatGP,2762,0.0789283128167994,0.0672124529148729,118.497038306563,2.33213257789612
EBS,Careproctus phasma,rare,north,extent,RF,3000,0.0113333333333333,0.00249134380242299,118.497038306563,0.369467258453369
EBS,Careproctus phasma,rare,north,extent,SpatialRF,3000,0.0113333333333333,0.00185328870113737,118.497038306563,0.607643127441406
EBS,Careproctus phasma,rare,north,extent,BRT,3000,0.0113333333333333,0.00109870169758299,118.497038306563,0.384585618972778
EBS,Careproctus phasma,rare,north,extent,MaxEntPO,3000,0.0113333333333333,0.396581668226947,118.497038306563,0.0179946422576904
EBS,Careproctus phasma,rare,north,extent,SpatialGAM,3000,0.0113333333333333,0.00997920670731327,118.497038306563,4.48207926750183
EBS,Careproctus phasma,rare,north,extent,GeostatGP,3000,0.0113333333333333,0.0100885405099896,118.497038306563,2.95116901397705
EBS,Careproctus phasma,rare,south,extent,RF,3000,0.026,0.00544937775741494,118.497038306563,0.531208038330078
EBS,Careproctus phasma,rare,south,extent,SpatialRF,3000,0.026,0.0044187268736293,118.497038306563,0.843820571899414
EBS,Careproctus phasma,rare,south,extent,BRT,3000,0.026,0.00739238637511913,118.497038306563,0.42258095741272
EBS,Careproctus phasma,rare,south,extent,MaxEntPO,3000,0.026,0.0800266096789292,118.497038306563,0.0189278125762939
EBS,Careproctus phasma,rare,south,extent,SpatialGAM,3000,0.026,0.0226437247761282,118.497038306563,7.61961817741394
EBS,Careproctus phasma,rare,south,extent,GeostatGP,3000,0.026,0.0226355988652801,118.497038306563,2.46488666534424
EBS,Lumpenus sagitta,rare,east,block,RF,2761,0.0105034407823252,0.00326739385004257,92784.3032764006,0.370093107223511
EBS,Lumpenus sagitta,rare,east,block,SpatialRF,2761,0.0105034407823252,0.00249222600657524,92784.3032764006,0.636740207672119
EBS,Lumpenus sagitta,rare,east,block,BRT,2761,0.0105034407823252,0.00296657645560479,92784.3032764006,0.358635425567627
EBS,Lumpenus sagitta,rare,east,block,MaxEntPO,2761,0.0105034407823252,0.041792262045119,92784.3032764006,0.0128045082092285
EBS,Lumpenus sagitta,rare,east,block,SpatialGAM,2761,0.0105034407823252,0.00957489781996872,92784.3032764006,2.06494927406311
EBS,Lumpenus sagitta,rare,east,block,GeostatGP,2761,0.0105034407823252,0.0095854667715034,92784.3032764006,2.73004770278931
EBS,Lumpenus sagitta,rare,east,extent,RF,3000,0.026,0.00741173889456182,92784.3032764006,0.608918905258179
EBS,Lumpenus sagitta,rare,east,extent,SpatialRF,3000,0.026,0.00560009840441674,92784.3032764006,0.988726377487183
EBS,Lumpenus sagitta,rare,east,extent,BRT,3000,0.026,0.0138462052899857,92784.3032764006,0.448830127716064
EBS,Lumpenus sagitta,rare,east,extent,MaxEntPO,3000,0.026,0.029362416490581,92784.3032764006,0.0116481781005859
EBS,Lumpenus sagitta,rare,east,extent,SpatialGAM,3000,0.026,0.0244480118807268,92784.3032764006,4.04474186897278
EBS,Lumpenus sagitta,rare,east,extent,GeostatGP,3000,0.026,0.0244096473182801,92784.3032764006,2.93573307991028
EBS,Lumpenus sagitta,rare,west,block,RF,2761,0.0336834480260775,0.00689915282819642,92784.3032764006,0.413492679595947
EBS,Lumpenus sagitta,rare,west,block,SpatialRF,2761,0.0336834480260775,0.00561297797338223,92784.3032764006,0.823624134063721
EBS,Lumpenus sagitta,rare,west,block,BRT,2761,0.0336834480260775,0.0119066151586591,92784.3032764006,0.364124298095703
EBS,Lumpenus sagitta,rare,west,block,MaxEntPO,2761,0.0336834480260775,0.0394015837153312,92784.3032764006,0.0130062103271484
EBS,Lumpenus sagitta,rare,west,block,SpatialGAM,2761,0.0336834480260775,0.029691168330356,92784.3032764006,3.20739507675171
EBS,Lumpenus sagitta,rare,west,block,GeostatGP,2761,0.0336834480260775,0.0296418873805987,92784.3032764006,2.7565324306488
EBS,Lumpenus sagitta,rare,west,extent,RF,3000,0.0196666666666667,0.0058646074066129,92784.3032764006,0.527360200881958
EBS,Lumpenus sagitta,rare,west,extent,SpatialRF,3000,0.0196666666666667,0.0042533615074637,92784.3032764006,1.04385495185852
EBS,Lumpenus sagitta,rare,west,extent,BRT,3000,0.0196666666666667,0.00932289302170977,92784.3032764006,0.40616250038147
EBS,Lumpenus sagitta,rare,west,extent,MaxEntPO,3000,0.0196666666666667,0.0782684235651803,92784.3032764006,0.0123565196990967
EBS,Lumpenus sagitta,rare,west,extent,SpatialGAM,3000,0.0196666666666667,0.0187213597774759,92784.3032764006,3.33543586730957
EBS,Lumpenus sagitta,rare,west,extent,GeostatGP,3000,0.0196666666666667,0.0186920156911227,92784.3032764006,2.65470218658447
EBS,Lumpenus sagitta,rare,north,block,RF,2762,0.054670528602462,0.0119682626405688,92784.3032764006,0.508559942245483
EBS,Lumpenus sagitta,rare,north,block,SpatialRF,2762,0.054670528602462,0.009165604376732,92784.3032764006,1.12972950935364
EBS,Lumpenus sagitta,rare,north,block,BRT,2762,0.054670528602462,0.0262395058023213,92784.3032764006,0.374554634094238
EBS,Lumpenus sagitta,rare,north,block,MaxEntPO,2762,0.054670528602462,0.0700111198020007,92784.3032764006,0.0124680995941162
EBS,Lumpenus sagitta,rare,north,block,SpatialGAM,2762,0.054670528602462,0.0468020814590938,92784.3032764006,2.84205031394959
EBS,Lumpenus sagitta,rare,north,block,GeostatGP,2762,0.054670528602462,0.0468388050881019,92784.3032764006,2.47401356697083
EBS,Lumpenus sagitta,rare,north,extent,RF,3000,0.0143333333333333,0.00450509945018426,92784.3032764006,0.472333908081055
EBS,Lumpenus sagitta,rare,north,extent,SpatialRF,3000,0.0143333333333333,0.00309144647893819,92784.3032764006,0.896201372146606
EBS,Lumpenus sagitta,rare,north,extent,BRT,3000,0.0143333333333333,0.00632409298154924,92784.3032764006,0.411093473434448
EBS,Lumpenus sagitta,rare,north,extent,MaxEntPO,3000,0.0143333333333333,0.395788944873976,92784.3032764006,0.0112996101379395
EBS,Lumpenus sagitta,rare,north,extent,SpatialGAM,3000,0.0143333333333333,0.0140716431906301,92784.3032764006,2.29192352294922
EBS,Lumpenus sagitta,rare,north,extent,GeostatGP,3000,0.0143333333333333,0.0140459744959492,92784.3032764006,2.53226470947266
EBS,Lumpenus sagitta,rare,south,block,RF,2761,0.0141253169141615,0.00452962033457734,92784.3032764006,0.357783079147339
EBS,Lumpenus sagitta,rare,south,block,SpatialRF,2761,0.0141253169141615,0.00317495782615671,92784.3032764006,0.751448154449463
EBS,Lumpenus sagitta,rare,south,block,BRT,2761,0.0141253169141615,0.005256382306491,92784.3032764006,0.362839937210083
EBS,Lumpenus sagitta,rare,south,block,MaxEntPO,2761,0.0141253169141615,0.395843911365069,92784.3032764006,0.0118172168731689
EBS,Lumpenus sagitta,rare,south,block,SpatialGAM,2761,0.0141253169141615,0.0135696367386257,92784.3032764006,4.71526503562927
EBS,Lumpenus sagitta,rare,south,block,GeostatGP,2761,0.0141253169141615,0.0135630323906209,92784.3032764006,2.44728112220764
EBS,Lumpenus sagitta,rare,south,extent,RF,3000,0.0236666666666667,0.00664766371487595,92784.3032764006,0.667163610458374
EBS,Lumpenus sagitta,rare,south,extent,SpatialRF,3000,0.0236666666666667,0.00462961637711933,92784.3032764006,0.988402128219604
EBS,Lumpenus sagitta,rare,south,extent,BRT,3000,0.0236666666666667,0.0119234002348719,92784.3032764006,0.400846481323242
EBS,Lumpenus sagitta,rare,south,extent,MaxEntPO,3000,0.0236666666666667,0.0280102424000536,92784.3032764006,0.0123147964477539
EBS,Lumpenus sagitta,rare,south,extent,SpatialGAM,3000,0.0236666666666667,0.0219527873885583,92784.3032764006,2.74524331092834
EBS,Lumpenus sagitta,rare,south,extent,GeostatGP,3000,0.0236666666666667,0.0217533644719834,92784.3032764006,2.51618313789368
EBS,Hippoglossoides robustus,intermediate,east,block,RF,2761,0.00181093806591815,0.000766144057346339,216.232450790497,0.240389108657837
EBS,Hippoglossoides robustus,intermediate,east,block,SpatialRF,2761,0.00181093806591815,0.000437442151476196,216.232450790497,0.328072786331177
EBS,Hippoglossoides robustus,intermediate,east,block,BRT,2761,0.00181093806591815,0.000201990786465138,216.232450790497,0.335823535919189
EBS,Hippoglossoides robustus,intermediate,east,block,MaxEntPO,2761,0.00181093806591815,0.399097876595182,216.232450790497,0.0120232105255127
EBS,Hippoglossoides robustus,intermediate,east,block,SpatialGAM,2761,0.00181093806591815,0.00179249527055319,216.232450790497,2.6409125328064
EBS,Hippoglossoides robustus,intermediate,east,block,GeostatGP,2761,0.00181093806591815,0.00178277658400112,216.232450790497,2.42228364944458
EBS,Hippoglossoides robustus,intermediate,east,extent,RF,3000,0.287,0.029234744745018,216.232450790497,0.989372730255127
EBS,Hippoglossoides robustus,intermediate,east,extent,SpatialRF,3000,0.287,0.0170563542042727,216.232450790497,1.40505909919739
EBS,Hippoglossoides robustus,intermediate,east,extent,BRT,3000,0.287,0.0854085610172514,216.232450790497,0.451730728149414
EBS,Hippoglossoides robustus,intermediate,east,extent,MaxEntPO,3000,0.287,0.170835818062353,216.232450790497,0.0161101818084717
EBS,Hippoglossoides robustus,intermediate,east,extent,SpatialGAM,3000,0.287,0.0765812783269412,216.232450790497,2.83796238899231
EBS,Hippoglossoides robustus,intermediate,east,extent,GeostatGP,3000,0.287,0.0773909647007318,216.232450790497,2.50464034080505
EBS,Hippoglossoides robustus,intermediate,west,block,RF,2761,0.508149221296632,0.0269463609870714,216.232450790497,0.798945903778076
EBS,Hippoglossoides robustus,intermediate,west,block,SpatialRF,2761,0.508149221296632,0.0186871590992561,216.232450790497,1.35233902931213
EBS,Hippoglossoides robustus,intermediate,west,block,BRT,2761,0.508149221296632,0.0720194765354337,216.232450790497,0.385392665863037
EBS,Hippoglossoides robustus,intermediate,west,block,MaxEntPO,2761,0.508149221296632,0.197481060240135,216.232450790497,0.0180046558380127
EBS,Hippoglossoides robustus,intermediate,west,block,SpatialGAM,2761,0.508149221296632,0.0841054282053859,216.232450790497,3.53282737731934
EBS,Hippoglossoides robustus,intermediate,west,block,GeostatGP,2761,0.508149221296632,0.0841506558513556,216.232450790497,2.32060694694519
EBS,Hippoglossoides robustus,intermediate,west,extent,RF,3000,0.169,0.0223545509634714,216.232450790497,0.804383277893066
EBS,Hippoglossoides robustus,intermediate,west,extent,SpatialRF,3000,0.169,0.0128003435970127,216.232450790497,1.20806670188904
EBS,Hippoglossoides robustus,intermediate,west,extent,BRT,3000,0.169,0.0569790075002362,216.232450790497,0.435874223709106
EBS,Hippoglossoides robustus,intermediate,west,extent,MaxEntPO,3000,0.169,0.109817755590306,216.232450790497,0.0147757530212402
EBS,Hippoglossoides robustus,intermediate,west,extent,SpatialGAM,3000,0.169,0.0529314748127021,216.232450790497,4.16779685020447
EBS,Hippoglossoides robustus,intermediate,west,extent,GeostatGP,3000,0.169,0.0529633377476013,216.232450790497,2.7126579284668
EBS,Hippoglossoides robustus,intermediate,north,block,RF,2762,0.750181028240406,0.0303952058447682,216.232450790497,0.82357382774353
EBS,Hippoglossoides robustus,intermediate,north,block,SpatialRF,2762,0.750181028240406,0.0249817740632054,216.232450790497,1.66514134407043
EBS,Hippoglossoides robustus,intermediate,north,block,BRT,2762,0.750181028240406,0.0850917607268389,216.232450790497,0.370100975036621
EBS,Hippoglossoides robustus,intermediate,north,block,MaxEntPO,2762,0.750181028240406,0.203380500210515,216.232450790497,0.0165390968322754
EBS,Hippoglossoides robustus,intermediate,north,block,SpatialGAM,2762,0.750181028240406,0.119348788301723,216.232450790497,4.07478189468384
EBS,Hippoglossoides robustus,intermediate,north,block,GeostatGP,2762,0.750181028240406,0.121301330598901,216.232450790497,2.44927406311035
EBS,Hippoglossoides robustus,intermediate,north,extent,RF,3000,0.103666666666667,0.0185891728366835,216.232450790497,0.772883892059326
EBS,Hippoglossoides robustus,intermediate,north,extent,SpatialRF,3000,0.103666666666667,0.0118583839447971,216.232450790497,1.14311909675598
EBS,Hippoglossoides robustus,intermediate,north,extent,BRT,3000,0.103666666666667,0.0460889764803069,216.232450790497,0.427146911621094
EBS,Hippoglossoides robustus,intermediate,north,extent,MaxEntPO,3000,0.103666666666667,0.0777489259476081,216.232450790497,0.0149502754211426
EBS,Hippoglossoides robustus,intermediate,north,extent,SpatialGAM,3000,0.103666666666667,0.0487626060239813,216.232450790497,3.22341752052307
EBS,Hippoglossoides robustus,intermediate,north,extent,GeostatGP,3000,0.103666666666667,0.0500976675991447,216.232450790497,2.58525800704956
EBS,Hippoglossoides robustus,intermediate,south,block,RF,2761,0.00434625135820355,0.00148766267801798,216.232450790497,0.251240253448486
EBS,Hippoglossoides robustus,intermediate,south,block,SpatialRF,2761,0.00434625135820355,0.000957182614179484,216.232450790497,0.437260866165161
EBS,Hippoglossoides robustus,intermediate,south,block,BRT,2761,0.00434625135820355,0.000352514103471549,216.232450790497,0.363343954086304
EBS,Hippoglossoides robustus,intermediate,south,block,MaxEntPO,2761,0.00434625135820355,0.0414156201964563,216.232450790497,0.0113570690155029
EBS,Hippoglossoides robustus,intermediate,south,block,SpatialGAM,2761,0.00434625135820355,0.00409069723710063,216.232450790497,4.24027895927429
EBS,Hippoglossoides robustus,intermediate,south,block,GeostatGP,2761,0.00434625135820355,0.00399888181128003,216.232450790497,2.35072255134583
EBS,Hippoglossoides robustus,intermediate,south,extent,RF,3000,0.281666666666667,0.0262840704015861,216.232450790497,0.867144107818604
EBS,Hippoglossoides robustus,intermediate,south,extent,SpatialRF,3000,0.281666666666667,0.0149929058880134,216.232450790497,1.3669970035553
EBS,Hippoglossoides robustus,intermediate,south,extent,BRT,3000,0.281666666666667,0.0751192798590775,216.232450790497,0.448396921157837
EBS,Hippoglossoides robustus,intermediate,south,extent,MaxEntPO,3000,0.281666666666667,0.165478304774724,216.232450790497,0.0160439014434814
EBS,Hippoglossoides robustus,intermediate,south,extent,SpatialGAM,3000,0.281666666666667,0.0665694423450119,216.232450790497,4.53456544876099
EBS,Hippoglossoides robustus,intermediate,south,extent,GeostatGP,3000,0.281666666666667,0.0685074542133595,216.232450790497,2.41033720970154
EBS,Rajidae,intermediate,east,block,RF,2761,0.0738862730894604,0.0132563323978383,551.621955425612,0.496476411819458
EBS,Rajidae,intermediate,east,block,SpatialRF,2761,0.0738862730894604,0.0115062376174245,551.621955425612,1.00515937805176
EBS,Rajidae,intermediate,east,block,BRT,2761,0.0738862730894604,0.0303911703007579,551.621955425612,0.383816719055176
EBS,Rajidae,intermediate,east,block,MaxEntPO,2761,0.0738862730894604,0.0696312265026477,551.621955425612,0.0141429901123047
EBS,Rajidae,intermediate,east,block,SpatialGAM,2761,0.0738862730894604,0.0629188748773508,551.621955425612,2.97651028633118
EBS,Rajidae,intermediate,east,block,GeostatGP,2761,0.0738862730894604,0.062965382276241,551.621955425612,2.63242101669312
EBS,Rajidae,intermediate,east,extent,RF,3000,0.184,0.0154251390749687,551.621955425612,0.635352611541748
EBS,Rajidae,intermediate,east,extent,SpatialRF,3000,0.184,0.013209296423777,551.621955425612,1.44045853614807
EBS,Rajidae,intermediate,east,extent,BRT,3000,0.184,0.0371774185773126,551.621955425612,0.428462505340576
EBS,Rajidae,intermediate,east,extent,MaxEntPO,3000,0.184,0.167428706486708,551.621955425612,0.0140328407287598
EBS,Rajidae,intermediate,east,extent,SpatialGAM,3000,0.184,0.136404971943559,551.621955425612,4.11755657196045
EBS,Rajidae,intermediate,east,extent,GeostatGP,3000,0.184,0.137403908604029,551.621955425612,2.4483904838562
EBS,Rajidae,intermediate,west,block,RF,2761,0.245563201738501,0.0122682978282869,551.621955425612,0.596892595291138
EBS,Rajidae,intermediate,west,block,SpatialRF,2761,0.245563201738501,0.0112467759890198,551.621955425612,1.06128621101379
EBS,Rajidae,intermediate,west,block,BRT,2761,0.245563201738501,0.0272688927972648,551.621955425612,0.337419748306274
EBS,Rajidae,intermediate,west,block,MaxEntPO,2761,0.245563201738501,0.187772083053314,551.621955425612,0.0135760307312012
EBS,Rajidae,intermediate,west,block,SpatialGAM,2761,0.245563201738501,0.174111682795663,551.621955425612,2.27988457679749
EBS,Rajidae,intermediate,west,block,GeostatGP,2761,0.245563201738501,0.174006594994265,551.621955425612,2.20160055160522
EBS,Rajidae,intermediate,west,extent,RF,3000,0.135333333333333,0.0164530824523034,551.621955425612,0.628393411636353
EBS,Rajidae,intermediate,west,extent,SpatialRF,3000,0.135333333333333,0.0139583980993533,551.621955425612,1.29236197471619
EBS,Rajidae,intermediate,west,extent,BRT,3000,0.135333333333333,0.0429998683293591,551.621955425612,0.422569990158081
EBS,Rajidae,intermediate,west,extent,MaxEntPO,3000,0.135333333333333,0.159293662620418,551.621955425612,0.0149083137512207
EBS,Rajidae,intermediate,west,extent,SpatialGAM,3000,0.135333333333333,0.109593694288847,551.621955425612,3.00204300880432
EBS,Rajidae,intermediate,west,extent,GeostatGP,3000,0.135333333333333,0.109561571351564,551.621955425612,2.5823221206665
EBS,Rajidae,intermediate,north,block,RF,2762,0.175959449674149,0.0135075686935134,551.621955425612,0.501533031463623
EBS,Rajidae,intermediate,north,block,SpatialRF,2762,0.175959449674149,0.0124539587119657,551.621955425612,1.12203097343445
EBS,Rajidae,intermediate,north,block,BRT,2762,0.175959449674149,0.0321756087739027,551.621955425612,0.367214679718018
EBS,Rajidae,intermediate,north,block,MaxEntPO,2762,0.175959449674149,0.150084368097279,551.621955425612,0.01487135887146
EBS,Rajidae,intermediate,north,block,SpatialGAM,2762,0.175959449674149,0.134388624912147,551.621955425612,3.14545202255249
EBS,Rajidae,intermediate,north,block,GeostatGP,2762,0.175959449674149,0.133837793171631,551.621955425612,2.31731867790222
EBS,Rajidae,intermediate,north,extent,RF,3000,0.171333333333333,0.0160933995031719,551.621955425612,0.688439846038818
EBS,Rajidae,intermediate,north,extent,SpatialRF,3000,0.171333333333333,0.0145319982400707,551.621955425612,1.44327092170715
EBS,Rajidae,intermediate,north,extent,BRT,3000,0.171333333333333,0.0428886041234348,551.621955425612,0.440450429916382
EBS,Rajidae,intermediate,north,extent,MaxEntPO,3000,0.171333333333333,0.134125196045861,551.621955425612,0.0152885913848877
EBS,Rajidae,intermediate,north,extent,SpatialGAM,3000,0.171333333333333,0.128068454584214,551.621955425612,3.61606311798096
EBS,Rajidae,intermediate,north,extent,GeostatGP,3000,0.171333333333333,0.128225256302784,551.621955425612,2.61591219902039
EBS,Rajidae,intermediate,south,block,RF,2761,0.173487866714958,0.0180993161300474,551.621955425612,0.562963724136353
EBS,Rajidae,intermediate,south,block,SpatialRF,2761,0.173487866714958,0.0169820868977216,551.621955425612,1.33157253265381
EBS,Rajidae,intermediate,south,block,BRT,2761,0.173487866714958,0.0471713458413785,551.621955425612,0.352282047271729
EBS,Rajidae,intermediate,south,block,MaxEntPO,2761,0.173487866714958,0.140593796667568,551.621955425612,0.0139667987823486
EBS,Rajidae,intermediate,south,block,SpatialGAM,2761,0.173487866714958,0.132748342713299,551.621955425612,3.49413347244263
EBS,Rajidae,intermediate,south,block,GeostatGP,2761,0.173487866714958,0.13237452144784,551.621955425612,2.27794933319092
EBS,Rajidae,intermediate,south,extent,RF,3000,0.149333333333333,0.0153479738706234,551.621955425612,0.604156017303467
EBS,Rajidae,intermediate,south,extent,SpatialRF,3000,0.149333333333333,0.0128753639052942,551.621955425612,1.17760705947876
EBS,Rajidae,intermediate,south,extent,BRT,3000,0.149333333333333,0.0374393224267035,551.621955425612,0.426168918609619
EBS,Rajidae,intermediate,south,extent,MaxEntPO,3000,0.149333333333333,0.139994090086618,551.621955425612,0.0135650634765625
EBS,Rajidae,intermediate,south,extent,SpatialGAM,3000,0.149333333333333,0.116054216651131,551.621955425612,3.06477117538452
EBS,Rajidae,intermediate,south,extent,GeostatGP,3000,0.149333333333333,0.118323354958324,551.621955425612,2.53039884567261
EBS,Bathymaster signatus,intermediate,east,block,RF,2761,0.0115900036218761,0.00331037990417047,550.04574439607,0.361865520477295
EBS,Bathymaster signatus,intermediate,east,block,SpatialRF,2761,0.0115900036218761,0.0024204377798315,550.04574439607,0.426943778991699
EBS,Bathymaster signatus,intermediate,east,block,BRT,2761,0.0115900036218761,0.00292794542233278,550.04574439607,0.344200611114502
EBS,Bathymaster signatus,intermediate,east,block,MaxEntPO,2761,0.0115900036218761,0.0119110330360376,550.04574439607,0.0147521495819092
EBS,Bathymaster signatus,intermediate,east,block,SpatialGAM,2761,0.0115900036218761,0.00952236141094943,550.04574439607,7.01229166984558
EBS,Bathymaster signatus,intermediate,east,block,GeostatGP,2761,0.0115900036218761,0.00941359710333967,550.04574439607,2.53494668006897
EBS,Bathymaster signatus,intermediate,east,extent,RF,3000,0.133,0.0226236047436682,550.04574439607,0.800045013427734
EBS,Bathymaster signatus,intermediate,east,extent,SpatialRF,3000,0.133,0.0147818109077887,550.04574439607,1.281822681427
EBS,Bathymaster signatus,intermediate,east,extent,BRT,3000,0.133,0.0598993998483832,550.04574439607,0.425546407699585
EBS,Bathymaster signatus,intermediate,east,extent,MaxEntPO,3000,0.133,0.0898920227891328,550.04574439607,0.0141701698303223
EBS,Bathymaster signatus,intermediate,east,extent,SpatialGAM,3000,0.133,0.0689445361246251,550.04574439607,5.21305131912231
EBS,Bathymaster signatus,intermediate,east,extent,GeostatGP,3000,0.133,0.0694012664825879,550.04574439607,2.71709370613098
EBS,Bathymaster signatus,intermediate,west,block,RF,2761,0.222745382107932,0.0314880274961158,550.04574439607,0.852904081344605
EBS,Bathymaster signatus,intermediate,west,block,SpatialRF,2761,0.222745382107932,0.0217264719351413,550.04574439607,1.43595933914185
EBS,Bathymaster signatus,intermediate,west,block,BRT,2761,0.222745382107932,0.0878074682118992,550.04574439607,0.382161855697632
EBS,Bathymaster signatus,intermediate,west,block,MaxEntPO,2761,0.222745382107932,0.139040367576767,550.04574439607,0.0159945487976074
EBS,Bathymaster signatus,intermediate,west,block,SpatialGAM,2761,0.222745382107932,0.0935218307268313,550.04574439607,3.32464671134949
EBS,Bathymaster signatus,intermediate,west,block,GeostatGP,2761,0.222745382107932,0.0961168688172686,550.04574439607,2.58063530921936
EBS,Bathymaster signatus,intermediate,west,extent,RF,3000,0.083,0.0152707139898535,550.04574439607,0.704875707626343
EBS,Bathymaster signatus,intermediate,west,extent,SpatialRF,3000,0.083,0.0106239882134653,550.04574439607,1.05451273918152
EBS,Bathymaster signatus,intermediate,west,extent,BRT,3000,0.083,0.0363871736062717,550.04574439607,0.413072109222412
EBS,Bathymaster signatus,intermediate,west,extent,MaxEntPO,3000,0.083,0.0585900955809537,550.04574439607,0.0149507522583008
EBS,Bathymaster signatus,intermediate,west,extent,SpatialGAM,3000,0.083,0.0511439286922714,550.04574439607,5.80805683135986
EBS,Bathymaster signatus,intermediate,west,extent,GeostatGP,3000,0.083,0.050472231061838,550.04574439607,2.51057124137878
EBS,Bathymaster signatus,intermediate,north,block,RF,2762,0.0206372194062274,0.00537624884638082,550.04574439607,0.428117275238037
EBS,Bathymaster signatus,intermediate,north,block,SpatialRF,2762,0.0206372194062274,0.00451254673322033,550.04574439607,0.712821006774902
EBS,Bathymaster signatus,intermediate,north,block,BRT,2762,0.0206372194062274,0.00816657633604493,550.04574439607,0.363972187042236
EBS,Bathymaster signatus,intermediate,north,block,MaxEntPO,2762,0.0206372194062274,0.032737964609185,550.04574439607,0.011958122253418
EBS,Bathymaster signatus,intermediate,north,block,SpatialGAM,2762,0.0206372194062274,0.0185594460493558,550.04574439607,3.91751790046692
EBS,Bathymaster signatus,intermediate,north,block,GeostatGP,2762,0.0206372194062274,0.0186160759743295,550.04574439607,2.56432175636292
EBS,Bathymaster signatus,intermediate,north,extent,RF,3000,0.133,0.0217434159967199,550.04574439607,0.727646589279175
EBS,Bathymaster signatus,intermediate,north,extent,SpatialRF,3000,0.133,0.0161010612670337,550.04574439607,1.30402135848999
EBS,Bathymaster signatus,intermediate,north,extent,BRT,3000,0.133,0.0567255942286951,550.04574439607,0.415684700012207
EBS,Bathymaster signatus,intermediate,north,extent,MaxEntPO,3000,0.133,0.0871395283998819,550.04574439607,0.0164592266082764
EBS,Bathymaster signatus,intermediate,north,extent,SpatialGAM,3000,0.133,0.0718331222789384,550.04574439607,5.0028600692749
EBS,Bathymaster signatus,intermediate,north,extent,GeostatGP,3000,0.133,0.0715907076552426,550.04574439607,2.7026858329773
EBS,Bathymaster signatus,intermediate,south,block,RF,2761,0.190148496921405,0.0372450561030389,550.04574439607,0.892078399658203
EBS,Bathymaster signatus,intermediate,south,block,SpatialRF,2761,0.190148496921405,0.0244968790540807,550.04574439607,1.56241488456726
EBS,Bathymaster signatus,intermediate,south,block,BRT,2761,0.190148496921405,0.104291258960166,550.04574439607,0.37809157371521
EBS,Bathymaster signatus,intermediate,south,block,MaxEntPO,2761,0.190148496921405,0.143016536255491,550.04574439607,0.0130915641784668
EBS,Bathymaster signatus,intermediate,south,block,SpatialGAM,2761,0.190148496921405,0.121028268767618,550.04574439607,3.71994185447693
EBS,Bathymaster signatus,intermediate,south,block,GeostatGP,2761,0.190148496921405,0.126210862890843,550.04574439607,2.48005652427673
EBS,Bathymaster signatus,intermediate,south,extent,RF,3000,0.0996666666666667,0.0151692257783713,550.04574439607,0.656106233596802
EBS,Bathymaster signatus,intermediate,south,extent,SpatialRF,3000,0.0996666666666667,0.010783518150164,550.04574439607,1.02633833885193
EBS,Bathymaster signatus,intermediate,south,extent,BRT,3000,0.0996666666666667,0.0361054861960005,550.04574439607,0.427769184112549
EBS,Bathymaster signatus,intermediate,south,extent,MaxEntPO,3000,0.0996666666666667,0.0700275069246098,550.04574439607,0.0158874988555908
EBS,Bathymaster signatus,intermediate,south,extent,SpatialGAM,3000,0.0996666666666667,0.0485351546605391,550.04574439607,9.42700600624084
EBS,Bathymaster signatus,intermediate,south,extent,GeostatGP,3000,0.0996666666666667,0.048275487319143,550.04574439607,2.7389190196991
EBS,Occella dodecaedron,intermediate,east,block,RF,2761,0.164433176385368,0.0314814688314772,445.441870767237,0.787645816802979
EBS,Occella dodecaedron,intermediate,east,block,SpatialRF,2761,0.164433176385368,0.0220316695531281,445.441870767237,1.44635939598084
EBS,Occella dodecaedron,intermediate,east,block,BRT,2761,0.164433176385368,0.0834699343804206,445.441870767237,0.371688842773438
EBS,Occella dodecaedron,intermediate,east,block,MaxEntPO,2761,0.164433176385368,0.117007629272427,445.441870767237,0.243335723876953
EBS,Occella dodecaedron,intermediate,east,block,SpatialGAM,2761,0.164433176385368,0.0967220584505437,445.441870767237,4.30137872695923
EBS,Occella dodecaedron,intermediate,east,block,GeostatGP,2761,0.164433176385368,0.100849752852453,445.441870767237,3.06057620048523
EBS,Occella dodecaedron,intermediate,east,extent,RF,3000,0.0563333333333333,0.0103518055522866,445.441870767237,0.544126033782959
EBS,Occella dodecaedron,intermediate,east,extent,SpatialRF,3000,0.0563333333333333,0.00792304292370667,445.441870767237,1.01055312156677
EBS,Occella dodecaedron,intermediate,east,extent,BRT,3000,0.0563333333333333,0.0229400966090479,445.441870767237,0.374696731567383
EBS,Occella dodecaedron,intermediate,east,extent,MaxEntPO,3000,0.0563333333333333,0.0425764199286136,445.441870767237,0.0206947326660156
EBS,Occella dodecaedron,intermediate,east,extent,SpatialGAM,3000,0.0563333333333333,0.0375251029214189,445.441870767237,4.14263796806335
EBS,Occella dodecaedron,intermediate,east,extent,GeostatGP,3000,0.0563333333333333,0.0370662408092867,445.441870767237,2.75577044487
EBS,Occella dodecaedron,intermediate,west,block,RF,2761,0.0130387540746107,0.00359935961493488,445.441870767237,0.32014536857605
EBS,Occella dodecaedron,intermediate,west,block,SpatialRF,2761,0.0130387540746107,0.00281490543772772,445.441870767237,0.636272668838501
EBS,Occella dodecaedron,intermediate,west,block,BRT,2761,0.0130387540746107,0.003040161408757,445.441870767237,0.3544020652771
EBS,Occella dodecaedron,intermediate,west,block,MaxEntPO,2761,0.0130387540746107,0.396131025944197,445.441870767237,0.0114827156066895
EBS,Occella dodecaedron,intermediate,west,block,SpatialGAM,2761,0.0130387540746107,0.0127849442517197,445.441870767237,2.08343291282654
EBS,Occella dodecaedron,intermediate,west,block,GeostatGP,2761,0.0130387540746107,0.0127328854429061,445.441870767237,2.69760131835938
EBS,Occella dodecaedron,intermediate,west,extent,RF,3000,0.0843333333333333,0.0155030848134868,445.441870767237,0.65284013748169
EBS,Occella dodecaedron,intermediate,west,extent,SpatialRF,3000,0.0843333333333333,0.0112425428019075,445.441870767237,1.11258363723755
EBS,Occella dodecaedron,intermediate,west,extent,BRT,3000,0.0843333333333333,0.0373818561635656,445.441870767237,0.37987208366394
EBS,Occella dodecaedron,intermediate,west,extent,MaxEntPO,3000,0.0843333333333333,0.0610127408349056,445.441870767237,0.015005350112915
EBS,Occella dodecaedron,intermediate,west,extent,SpatialGAM,3000,0.0843333333333333,0.0504718317416187,445.441870767237,4.27411937713623
EBS,Occella dodecaedron,intermediate,west,extent,GeostatGP,3000,0.0843333333333333,0.0508675509599443,445.441870767237,2.53349566459656
EBS,Occella dodecaedron,intermediate,north,block,RF,2762,0.0358435916002896,0.0066953165326775,445.441870767237,0.408084392547607
EBS,Occella dodecaedron,intermediate,north,block,SpatialRF,2762,0.0358435916002896,0.00527168060882114,445.441870767237,0.741425275802612
EBS,Occella dodecaedron,intermediate,north,block,BRT,2762,0.0358435916002896,0.0109022419701391,445.441870767237,0.358008861541748
EBS,Occella dodecaedron,intermediate,north,block,MaxEntPO,2762,0.0358435916002896,0.0275322910920622,445.441870767237,0.0134947299957275
EBS,Occella dodecaedron,intermediate,north,block,SpatialGAM,2762,0.0358435916002896,0.023115612808774,445.441870767237,2.91033983230591
EBS,Occella dodecaedron,intermediate,north,block,GeostatGP,2762,0.0358435916002896,0.0239814984739604,445.441870767237,2.35022497177124
EBS,Occella dodecaedron,intermediate,north,extent,RF,3000,0.0813333333333333,0.0165980399625123,445.441870767237,0.637015104293823
EBS,Occella dodecaedron,intermediate,north,extent,SpatialRF,3000,0.0813333333333333,0.0123201459421895,445.441870767237,1.24528622627258
EBS,Occella dodecaedron,intermediate,north,extent,BRT,3000,0.0813333333333333,0.0387307554303766,445.441870767237,0.390216588973999
EBS,Occella dodecaedron,intermediate,north,extent,MaxEntPO,3000,0.0813333333333333,0.0602729699178462,445.441870767237,0.0141768455505371
EBS,Occella dodecaedron,intermediate,north,extent,SpatialGAM,3000,0.0813333333333333,0.053038020987027,445.441870767237,4.5215802192688
EBS,Occella dodecaedron,intermediate,north,extent,GeostatGP,3000,0.0813333333333333,0.0536434842681755,445.441870767237,2.51226830482483
EBS,Occella dodecaedron,intermediate,south,block,RF,2761,0.00833031510322347,0.00242357423184256,445.441870767237,0.322563886642456
EBS,Occella dodecaedron,intermediate,south,block,SpatialRF,2761,0.00833031510322347,0.00175319134240798,445.441870767237,0.5444655418396
EBS,Occella dodecaedron,intermediate,south,block,BRT,2761,0.00833031510322347,0.00121050019408936,445.441870767237,0.347124338150024
EBS,Occella dodecaedron,intermediate,south,block,MaxEntPO,2761,0.00833031510322347,0.397375189120416,445.441870767237,0.0111203193664551
EBS,Occella dodecaedron,intermediate,south,block,SpatialGAM,2761,0.00833031510322347,0.00807861625921388,445.441870767237,2.50268530845642
EBS,Occella dodecaedron,intermediate,south,block,GeostatGP,2761,0.00833031510322347,0.00806725377066511,445.441870767237,2.47063493728638
EBS,Occella dodecaedron,intermediate,south,extent,RF,3000,0.086,0.0161250511026152,445.441870767237,0.647702932357788
EBS,Occella dodecaedron,intermediate,south,extent,SpatialRF,3000,0.086,0.0113674034596049,445.441870767237,1.1299295425415
EBS,Occella dodecaedron,intermediate,south,extent,BRT,3000,0.086,0.0410407053496278,445.441870767237,0.391133546829224
EBS,Occella dodecaedron,intermediate,south,extent,MaxEntPO,3000,0.086,0.0633776610648782,445.441870767237,0.0135152339935303
EBS,Occella dodecaedron,intermediate,south,extent,SpatialGAM,3000,0.086,0.0538037580472193,445.441870767237,2.96372580528259
EBS,Occella dodecaedron,intermediate,south,extent,GeostatGP,3000,0.086,0.0550908628345689,445.441870767237,2.79385232925415
EBS,Liparis gibbus,intermediate,east,block,RF,2761,0.0152118797537124,0.00522768879701538,76.5898841365423,0.386064529418945
EBS,Liparis gibbus,intermediate,east,block,SpatialRF,2761,0.0152118797537124,0.00342741927562582,76.5898841365423,0.717379093170166
EBS,Liparis gibbus,intermediate,east,block,BRT,2761,0.0152118797537124,0.00805892517724678,76.5898841365423,0.372282028198242
EBS,Liparis gibbus,intermediate,east,block,MaxEntPO,2761,0.0152118797537124,0.394581166740796,76.5898841365423,0.0159237384796143
EBS,Liparis gibbus,intermediate,east,block,SpatialGAM,2761,0.0152118797537124,0.0147599094567359,76.5898841365423,2.92791414260864
EBS,Liparis gibbus,intermediate,east,block,GeostatGP,2761,0.0152118797537124,0.0147101911087081,76.5898841365423,2.53373742103577
EBS,Liparis gibbus,intermediate,east,extent,RF,3000,0.0593333333333333,0.00989268888229656,76.5898841365423,0.561588764190674
EBS,Liparis gibbus,intermediate,east,extent,SpatialRF,3000,0.0593333333333333,0.00839579366731504,76.5898841365423,1.09079790115356
EBS,Liparis gibbus,intermediate,east,extent,BRT,3000,0.0593333333333333,0.0212487864449637,76.5898841365423,0.394633293151855
EBS,Liparis gibbus,intermediate,east,extent,MaxEntPO,3000,0.0593333333333333,0.0474926614549975,76.5898841365423,0.013028621673584
EBS,Liparis gibbus,intermediate,east,extent,SpatialGAM,3000,0.0593333333333333,0.0453502855937021,76.5898841365423,5.82023310661316
EBS,Liparis gibbus,intermediate,east,extent,GeostatGP,3000,0.0593333333333333,0.045387721537566,76.5898841365423,2.67026090621948
EBS,Liparis gibbus,intermediate,west,block,RF,2761,0.0735240854762767,0.00974955404900644,76.5898841365423,0.508081674575806
EBS,Liparis gibbus,intermediate,west,block,SpatialRF,2761,0.0735240854762767,0.00875714461622146,76.5898841365423,1.00032353401184
EBS,Liparis gibbus,intermediate,west,block,BRT,2761,0.0735240854762767,0.0189298894815605,76.5898841365423,0.338383913040161
EBS,Liparis gibbus,intermediate,west,block,MaxEntPO,2761,0.0735240854762767,0.0508224342866825,76.5898841365423,0.0143458843231201
EBS,Liparis gibbus,intermediate,west,block,SpatialGAM,2761,0.0735240854762767,0.0474357590220642,76.5898841365423,4.51829671859741
EBS,Liparis gibbus,intermediate,west,block,GeostatGP,2761,0.0735240854762767,0.0472815727781097,76.5898841365423,2.34214377403259
EBS,Liparis gibbus,intermediate,west,extent,RF,3000,0.0506666666666667,0.0101105206766477,76.5898841365423,0.590455055236816
EBS,Liparis gibbus,intermediate,west,extent,SpatialRF,3000,0.0506666666666667,0.00800727808035367,76.5898841365423,1.09832072257996
EBS,Liparis gibbus,intermediate,west,extent,BRT,3000,0.0506666666666667,0.0186803699230673,76.5898841365423,0.383183002471924
EBS,Liparis gibbus,intermediate,west,extent,MaxEntPO,3000,0.0506666666666667,0.0403167486302529,76.5898841365423,0.0131642818450928
EBS,Liparis gibbus,intermediate,west,extent,SpatialGAM,3000,0.0506666666666667,0.0381703472138451,76.5898841365423,3.61978507041931
EBS,Liparis gibbus,intermediate,west,extent,GeostatGP,3000,0.0506666666666667,0.0383223906451783,76.5898841365423,2.46853160858154
EBS,Liparis gibbus,intermediate,north,block,RF,2762,0.156408399710355,0.0208482631932861,76.5898841365423,0.648815631866455
EBS,Liparis gibbus,intermediate,north,block,SpatialRF,2762,0.156408399710355,0.018057284882255,76.5898841365423,1.33719038963318
EBS,Liparis gibbus,intermediate,north,block,BRT,2762,0.156408399710355,0.0527034781333569,76.5898841365423,0.364677906036377
EBS,Liparis gibbus,intermediate,north,block,MaxEntPO,2762,0.156408399710355,0.11192273199447,76.5898841365423,0.0133144855499268
EBS,Liparis gibbus,intermediate,north,block,SpatialGAM,2762,0.156408399710355,0.102150155387763,76.5898841365423,2.06655931472778
EBS,Liparis gibbus,intermediate,north,block,GeostatGP,2762,0.156408399710355,0.102410298595122,76.5898841365423,2.54631948471069
EBS,Liparis gibbus,intermediate,north,extent,RF,3000,0.021,0.00499240198075647,76.5898841365423,0.490664005279541
EBS,Liparis gibbus,intermediate,north,extent,SpatialRF,3000,0.021,0.00426714691897952,76.5898841365423,0.857207536697388
EBS,Liparis gibbus,intermediate,north,extent,BRT,3000,0.021,0.00659763205529425,76.5898841365423,0.376112222671509
EBS,Liparis gibbus,intermediate,north,extent,MaxEntPO,3000,0.021,0.0254424750038988,76.5898841365423,0.0122745037078857
EBS,Liparis gibbus,intermediate,north,extent,SpatialGAM,3000,0.021,0.0181397638313149,76.5898841365423,2.93796539306641
EBS,Liparis gibbus,intermediate,north,extent,GeostatGP,3000,0.021,0.0178916087686805,76.5898841365423,2.58565139770508
EBS,Liparis gibbus,intermediate,south,block,RF,2761,0.00398406374501992,0.00143121932118049,76.5898841365423,0.257653474807739
EBS,Liparis gibbus,intermediate,south,block,SpatialRF,2761,0.00398406374501992,0.00104998920964381,76.5898841365423,0.451624631881714
EBS,Liparis gibbus,intermediate,south,block,BRT,2761,0.00398406374501992,0.00066683808815309,76.5898841365423,0.345498561859131
EBS,Liparis gibbus,intermediate,south,block,MaxEntPO,2761,0.00398406374501992,0.398523647436927,76.5898841365423,0.0106217861175537
EBS,Liparis gibbus,intermediate,south,block,SpatialGAM,2761,0.00398406374501992,0.00375022235792374,76.5898841365423,3.0001916885376
EBS,Liparis gibbus,intermediate,south,block,GeostatGP,2761,0.00398406374501992,0.00367500229006601,76.5898841365423,2.41601276397705
EBS,Liparis gibbus,intermediate,south,extent,RF,3000,0.0633333333333333,0.0104383350779148,76.5898841365423,0.595593452453613
EBS,Liparis gibbus,intermediate,south,extent,SpatialRF,3000,0.0633333333333333,0.00841126295360233,76.5898841365423,1.1029167175293
EBS,Liparis gibbus,intermediate,south,extent,BRT,3000,0.0633333333333333,0.0220286774618029,76.5898841365423,0.41597580909729
EBS,Liparis gibbus,intermediate,south,extent,MaxEntPO,3000,0.0633333333333333,0.0488514740342369,76.5898841365423,0.0140688419342041
EBS,Liparis gibbus,intermediate,south,extent,SpatialGAM,3000,0.0633333333333333,0.0437784071876651,76.5898841365423,3.79230141639709
EBS,Liparis gibbus,intermediate,south,extent,GeostatGP,3000,0.0633333333333333,0.0437546352011453,76.5898841365423,2.40467810630798
EBS,Pleuronectes quadrituberculatus,common,east,block,RF,2761,0.89025715320536,0.0273245792090451,545.743811762685,0.763574600219727
EBS,Pleuronectes quadrituberculatus,common,east,block,SpatialRF,2761,0.89025715320536,0.0153709557772072,545.743811762685,1.19627404212952
EBS,Pleuronectes quadrituberculatus,common,east,block,BRT,2761,0.89025715320536,0.0693057182786683,545.743811762685,0.341054439544678
EBS,Pleuronectes quadrituberculatus,common,east,block,MaxEntPO,2761,0.89025715320536,0.189755762711676,545.743811762685,0.0145690441131592
EBS,Pleuronectes quadrituberculatus,common,east,block,SpatialGAM,2761,0.89025715320536,0.0630629044692556,545.743811762685,3.97552132606506
EBS,Pleuronectes quadrituberculatus,common,east,block,GeostatGP,2761,0.89025715320536,0.0656960907022351,545.743811762685,2.39732480049133
EBS,Pleuronectes quadrituberculatus,common,east,extent,RF,3000,0.639666666666667,0.0243783825661022,545.743811762685,0.862560033798218
EBS,Pleuronectes quadrituberculatus,common,east,extent,SpatialRF,3000,0.639666666666667,0.0190243680805997,545.743811762685,1.5811619758606
EBS,Pleuronectes quadrituberculatus,common,east,extent,BRT,3000,0.639666666666667,0.0676648245919834,545.743811762685,0.457669734954834
EBS,Pleuronectes quadrituberculatus,common,east,extent,MaxEntPO,3000,0.639666666666667,0.18160604418451,545.743811762685,0.021845817565918
EBS,Pleuronectes quadrituberculatus,common,east,extent,SpatialGAM,3000,0.639666666666667,0.0827625715044802,545.743811762685,3.06306314468384
EBS,Pleuronectes quadrituberculatus,common,east,extent,GeostatGP,3000,0.639666666666667,0.0842930592635238,545.743811762685,2.61963033676147
EBS,Pleuronectes quadrituberculatus,common,west,block,RF,2761,0.332126041289388,0.0416172965002598,545.743811762685,0.934757471084595
EBS,Pleuronectes quadrituberculatus,common,west,block,SpatialRF,2761,0.332126041289388,0.0297113225764916,545.743811762685,1.7232723236084
EBS,Pleuronectes quadrituberculatus,common,west,block,BRT,2761,0.332126041289388,0.118542500334255,545.743811762685,0.388067960739136
EBS,Pleuronectes quadrituberculatus,common,west,block,MaxEntPO,2761,0.332126041289388,0.17393101634255,545.743811762685,0.0159966945648193
EBS,Pleuronectes quadrituberculatus,common,west,block,SpatialGAM,2761,0.332126041289388,0.132746716082458,545.743811762685,3.01522350311279
EBS,Pleuronectes quadrituberculatus,common,west,block,GeostatGP,2761,0.332126041289388,0.133915571102582,545.743811762685,2.7750186920166
EBS,Pleuronectes quadrituberculatus,common,west,extent,RF,3000,0.765333333333333,0.0225764025580914,545.743811762685,0.846917867660523
EBS,Pleuronectes quadrituberculatus,common,west,extent,SpatialRF,3000,0.765333333333333,0.0136621119280374,545.743811762685,1.34901571273804
EBS,Pleuronectes quadrituberculatus,common,west,extent,BRT,3000,0.765333333333333,0.0574902523989568,545.743811762685,0.422420263290405
EBS,Pleuronectes quadrituberculatus,common,west,extent,MaxEntPO,3000,0.765333333333333,0.191830603530893,545.743811762685,0.0184586048126221
EBS,Pleuronectes quadrituberculatus,common,west,extent,SpatialGAM,3000,0.765333333333333,0.0599233847609471,545.743811762685,8.87801265716553
EBS,Pleuronectes quadrituberculatus,common,west,extent,GeostatGP,3000,0.765333333333333,0.0606041223660528,545.743811762685,2.7171733379364
EBS,Pleuronectes quadrituberculatus,common,north,block,RF,2762,0.64735698769008,0.0315831946801929,545.743811762685,0.841445684432983
EBS,Pleuronectes quadrituberculatus,common,north,block,SpatialRF,2762,0.64735698769008,0.0242386143304783,545.743811762685,1.40261960029602
EBS,Pleuronectes quadrituberculatus,common,north,block,BRT,2762,0.64735698769008,0.0840357140959503,545.743811762685,0.365323543548584
EBS,Pleuronectes quadrituberculatus,common,north,block,MaxEntPO,2762,0.64735698769008,0.210642630497942,545.743811762685,0.0158441066741943
EBS,Pleuronectes quadrituberculatus,common,north,block,SpatialGAM,2762,0.64735698769008,0.107110976781798,545.743811762685,3.57505083084106
EBS,Pleuronectes quadrituberculatus,common,north,block,GeostatGP,2762,0.64735698769008,0.107230904540366,545.743811762685,2.52572417259216
EBS,Pleuronectes quadrituberculatus,common,north,extent,RF,3000,0.696666666666667,0.0253139497395803,545.743811762685,0.891360282897949
EBS,Pleuronectes quadrituberculatus,common,north,extent,SpatialRF,3000,0.696666666666667,0.0155665831194736,545.743811762685,1.51213479042053
EBS,Pleuronectes quadrituberculatus,common,north,extent,BRT,3000,0.696666666666667,0.0651307492557021,545.743811762685,0.462131023406982
EBS,Pleuronectes quadrituberculatus,common,north,extent,MaxEntPO,3000,0.696666666666667,0.186604049090657,545.743811762685,0.0176730155944824
EBS,Pleuronectes quadrituberculatus,common,north,extent,SpatialGAM,3000,0.696666666666667,0.072537634472736,545.743811762685,4.00913453102112
EBS,Pleuronectes quadrituberculatus,common,north,extent,GeostatGP,3000,0.696666666666667,0.0752488017483528,545.743811762685,2.52959060668945
EBS,Pleuronectes quadrituberculatus,common,south,block,RF,2761,0.438247011952191,0.0234288570814436,545.743811762685,0.758986949920654
EBS,Pleuronectes quadrituberculatus,common,south,block,SpatialRF,2761,0.438247011952191,0.0165281252700811,545.743811762685,1.3054986000061
EBS,Pleuronectes quadrituberculatus,common,south,block,BRT,2761,0.438247011952191,0.0588282311752825,545.743811762685,0.393572092056274
EBS,Pleuronectes quadrituberculatus,common,south,block,MaxEntPO,2761,0.438247011952191,0.177215019480399,545.743811762685,0.0169568061828613
EBS,Pleuronectes quadrituberculatus,common,south,block,SpatialGAM,2761,0.438247011952191,0.0737525101742395,545.743811762685,2.85165071487427
EBS,Pleuronectes quadrituberculatus,common,south,block,GeostatGP,2761,0.438247011952191,0.0744555319203148,545.743811762685,2.75136995315552
EBS,Pleuronectes quadrituberculatus,common,south,extent,RF,3000,0.743,0.0248873565130879,545.743811762685,0.859711647033691
EBS,Pleuronectes quadrituberculatus,common,south,extent,SpatialRF,3000,0.743,0.0165009258902943,545.743811762685,1.41490507125855
EBS,Pleuronectes quadrituberculatus,common,south,extent,BRT,3000,0.743,0.0664697941278664,545.743811762685,0.42029595375061
EBS,Pleuronectes quadrituberculatus,common,south,extent,MaxEntPO,3000,0.743,0.193724420415599,545.743811762685,0.0164098739624023
EBS,Pleuronectes quadrituberculatus,common,south,extent,SpatialGAM,3000,0.743,0.0794739022286833,545.743811762685,4.15168833732605
EBS,Pleuronectes quadrituberculatus,common,south,extent,GeostatGP,3000,0.743,0.079705460038085,545.743811762685,2.66186809539795
EBS,Hippoglossus stenolepis,common,east,block,RF,2761,0.896414342629482,0.0245203181709528,212.166090509836,0.742446899414063
EBS,Hippoglossus stenolepis,common,east,block,SpatialRF,2761,0.896414342629482,0.0182219828802359,212.166090509836,1.49955368041992
EBS,Hippoglossus stenolepis,common,east,block,BRT,2761,0.896414342629482,0.0631520499057187,212.166090509836,0.370676040649414
EBS,Hippoglossus stenolepis,common,east,block,MaxEntPO,2761,0.896414342629482,0.188417247498809,212.166090509836,0.014725923538208
EBS,Hippoglossus stenolepis,common,east,block,SpatialGAM,2761,0.896414342629482,0.0823683469554846,212.166090509836,3.40902996063232
EBS,Hippoglossus stenolepis,common,east,block,GeostatGP,2761,0.896414342629482,0.0829211740759294,212.166090509836,2.75656127929688
EBS,Hippoglossus stenolepis,common,east,extent,RF,3000,0.644333333333333,0.0484152314377774,212.166090509836,1.16726446151733
EBS,Hippoglossus stenolepis,common,east,extent,SpatialRF,3000,0.644333333333333,0.0384583221314821,212.166090509836,2.20747518539429
EBS,Hippoglossus stenolepis,common,east,extent,BRT,3000,0.644333333333333,0.142407579540926,212.166090509836,0.412235021591187
EBS,Hippoglossus stenolepis,common,east,extent,MaxEntPO,3000,0.644333333333333,0.263279678525115,212.166090509836,0.0166628360748291
EBS,Hippoglossus stenolepis,common,east,extent,SpatialGAM,3000,0.644333333333333,0.170500884062372,212.166090509836,4.51506447792053
EBS,Hippoglossus stenolepis,common,east,extent,GeostatGP,3000,0.644333333333333,0.171820090392652,212.166090509836,2.69245386123657
EBS,Hippoglossus stenolepis,common,west,block,RF,2761,0.441506700470844,0.0485667061410291,212.166090509836,0.971327543258667
EBS,Hippoglossus stenolepis,common,west,block,SpatialRF,2761,0.441506700470844,0.0383425234291126,212.166090509836,1.98799562454224
EBS,Hippoglossus stenolepis,common,west,block,BRT,2761,0.441506700470844,0.146234208088337,212.166090509836,0.362906217575073
EBS,Hippoglossus stenolepis,common,west,block,MaxEntPO,2761,0.441506700470844,0.248352158165577,212.166090509836,0.0149822235107422
EBS,Hippoglossus stenolepis,common,west,block,SpatialGAM,2761,0.441506700470844,0.180606408876056,212.166090509836,2.27262139320374
EBS,Hippoglossus stenolepis,common,west,block,GeostatGP,2761,0.441506700470844,0.182241690478063,212.166090509836,2.62257361412048
EBS,Hippoglossus stenolepis,common,west,extent,RF,3000,0.743333333333333,0.0428984993457959,212.166090509836,1.08478355407715
EBS,Hippoglossus stenolepis,common,west,extent,SpatialRF,3000,0.743333333333333,0.0334546721885232,212.166090509836,2.14733815193176
EBS,Hippoglossus stenolepis,common,west,extent,BRT,3000,0.743333333333333,0.122761224002091,212.166090509836,0.417516469955444
EBS,Hippoglossus stenolepis,common,west,extent,MaxEntPO,3000,0.743333333333333,0.227516223785003,212.166090509836,0.0216658115386963
EBS,Hippoglossus stenolepis,common,west,extent,SpatialGAM,3000,0.743333333333333,0.150810423376567,212.166090509836,2.51386046409607
EBS,Hippoglossus stenolepis,common,west,extent,GeostatGP,3000,0.743333333333333,0.1513282180363,212.166090509836,2.8160297870636
EBS,Hippoglossus stenolepis,common,north,block,RF,2762,0.331643736422882,0.0466868324988435,212.166090509836,1.01380634307861
EBS,Hippoglossus stenolepis,common,north,block,SpatialRF,2762,0.331643736422882,0.0382626845578924,212.166090509836,2.03810572624207
EBS,Hippoglossus stenolepis,common,north,block,BRT,2762,0.331643736422882,0.137981719474392,212.166090509836,0.367528676986694
EBS,Hippoglossus stenolepis,common,north,block,MaxEntPO,2762,0.331643736422882,0.205363273398838,212.166090509836,0.014585018157959
EBS,Hippoglossus stenolepis,common,north,block,SpatialGAM,2762,0.331643736422882,0.170823599100644,212.166090509836,3.68507647514343
EBS,Hippoglossus stenolepis,common,north,block,GeostatGP,2762,0.331643736422882,0.17130716183286,212.166090509836,2.30327224731445
EBS,Hippoglossus stenolepis,common,north,extent,RF,3000,0.760333333333333,0.0429732630769742,212.166090509836,1.13417792320251
EBS,Hippoglossus stenolepis,common,north,extent,SpatialRF,3000,0.760333333333333,0.0340880731196333,212.166090509836,2.25036954879761
EBS,Hippoglossus stenolepis,common,north,extent,BRT,3000,0.760333333333333,0.125760871521027,212.166090509836,0.407174348831177
EBS,Hippoglossus stenolepis,common,north,extent,MaxEntPO,3000,0.760333333333333,0.27585627147084,212.166090509836,0.0175056457519531
EBS,Hippoglossus stenolepis,common,north,extent,SpatialGAM,3000,0.760333333333333,0.15442047806922,212.166090509836,2.24664545059204
EBS,Hippoglossus stenolepis,common,north,extent,GeostatGP,3000,0.760333333333333,0.156937089428303,212.166090509836,2.64626336097717
EBS,Hippoglossus stenolepis,common,south,block,RF,2761,0.802245563201739,0.0437106991322234,212.166090509836,0.930449724197388
EBS,Hippoglossus stenolepis,common,south,block,SpatialRF,2761,0.802245563201739,0.0325949484273096,212.166090509836,1.96100878715515
EBS,Hippoglossus stenolepis,common,south,block,BRT,2761,0.802245563201739,0.119463709673358,212.166090509836,0.384714841842651
EBS,Hippoglossus stenolepis,common,south,block,MaxEntPO,2761,0.802245563201739,0.255314791060942,212.166090509836,0.0161373615264893
EBS,Hippoglossus stenolepis,common,south,block,SpatialGAM,2761,0.802245563201739,0.14187419410826,212.166090509836,3.01409220695496
EBS,Hippoglossus stenolepis,common,south,block,GeostatGP,2761,0.802245563201739,0.142301281674096,212.166090509836,2.4919581413269
EBS,Hippoglossus stenolepis,common,south,extent,RF,3000,0.643333333333333,0.045998630991331,212.166090509836,1.14099168777466
EBS,Hippoglossus stenolepis,common,south,extent,SpatialRF,3000,0.643333333333333,0.0354163813626106,212.166090509836,2.1273410320282
EBS,Hippoglossus stenolepis,common,south,extent,BRT,3000,0.643333333333333,0.132247964255972,212.166090509836,0.423653364181519
EBS,Hippoglossus stenolepis,common,south,extent,MaxEntPO,3000,0.643333333333333,0.258751677751402,212.166090509836,0.0172438621520996
EBS,Hippoglossus stenolepis,common,south,extent,SpatialGAM,3000,0.643333333333333,0.159611196634431,212.166090509836,3.65700221061707
EBS,Hippoglossus stenolepis,common,south,extent,GeostatGP,3000,0.643333333333333,0.160228900596323,212.166090509836,2.57862448692322
EBS,Atheresthes stomias,common,east,block,RF,2761,0.347700108656284,0.0274372003105266,557.084096229105,0.739359617233276
EBS,Atheresthes stomias,common,east,block,SpatialRF,2761,0.347700108656284,0.0180684778331172,557.084096229105,1.31368923187256
EBS,Atheresthes stomias,common,east,block,BRT,2761,0.347700108656284,0.0688938011063925,557.084096229105,0.361140966415405
EBS,Atheresthes stomias,common,east,block,MaxEntPO,2761,0.347700108656284,0.165421259595095,557.084096229105,0.0167808532714844
EBS,Atheresthes stomias,common,east,block,SpatialGAM,2761,0.347700108656284,0.0819068593984104,557.084096229105,7.76635646820068
EBS,Atheresthes stomias,common,east,block,GeostatGP,2761,0.347700108656284,0.0821425735152433,557.084096229105,2.80877089500427
EBS,Atheresthes stomias,common,east,extent,RF,3000,0.53,0.0202484561584043,557.084096229105,0.773395538330078
EBS,Atheresthes stomias,common,east,extent,SpatialRF,3000,0.53,0.0152523296513138,557.084096229105,1.47956848144531
EBS,Atheresthes stomias,common,east,extent,BRT,3000,0.53,0.0530868475714752,557.084096229105,0.431463479995728
EBS,Atheresthes stomias,common,east,extent,MaxEntPO,3000,0.53,0.182162937401006,557.084096229105,0.0180058479309082
EBS,Atheresthes stomias,common,east,extent,SpatialGAM,3000,0.53,0.067191227632921,557.084096229105,4.06088948249817
EBS,Atheresthes stomias,common,east,extent,GeostatGP,3000,0.53,0.0674869272964377,557.084096229105,2.93950319290161
EBS,Atheresthes stomias,common,west,block,RF,2761,0.598696124592539,0.0202554363128338,557.084096229105,0.718731880187988
EBS,Atheresthes stomias,common,west,block,SpatialRF,2761,0.598696124592539,0.0166989422578342,557.084096229105,1.32075715065002
EBS,Atheresthes stomias,common,west,block,BRT,2761,0.598696124592539,0.0496775572864129,557.084096229105,0.37207293510437
EBS,Atheresthes stomias,common,west,block,MaxEntPO,2761,0.598696124592539,0.284817546483273,557.084096229105,0.0179095268249512
EBS,Atheresthes stomias,common,west,block,SpatialGAM,2761,0.598696124592539,0.0864784742110382,557.084096229105,3.77374124526978
EBS,Atheresthes stomias,common,west,block,GeostatGP,2761,0.598696124592539,0.086674974116368,557.084096229105,2.17925262451172
EBS,Atheresthes stomias,common,west,extent,RF,3000,0.464666666666667,0.018796971996154,557.084096229105,0.721513748168945
EBS,Atheresthes stomias,common,west,extent,SpatialRF,3000,0.464666666666667,0.0136468967005764,557.084096229105,1.44329476356506
EBS,Atheresthes stomias,common,west,extent,BRT,3000,0.464666666666667,0.0462857192453603,557.084096229105,0.444243669509888
EBS,Atheresthes stomias,common,west,extent,MaxEntPO,3000,0.464666666666667,0.177843883169251,557.084096229105,0.018610954284668
EBS,Atheresthes stomias,common,west,extent,SpatialGAM,3000,0.464666666666667,0.0604875734922233,557.084096229105,2.82142043113709
EBS,Atheresthes stomias,common,west,extent,GeostatGP,3000,0.464666666666667,0.0607009037905616,557.084096229105,2.20344591140747
EBS,Atheresthes stomias,common,north,block,RF,2762,0.245112237509051,0.0194341158140471,557.084096229105,0.686301946640015
EBS,Atheresthes stomias,common,north,block,SpatialRF,2762,0.245112237509051,0.0161221643951524,557.084096229105,1.3386173248291
EBS,Atheresthes stomias,common,north,block,BRT,2762,0.245112237509051,0.0477950280952995,557.084096229105,0.371529817581177
EBS,Atheresthes stomias,common,north,block,MaxEntPO,2762,0.245112237509051,0.12955104414691,557.084096229105,0.0211470127105713
EBS,Atheresthes stomias,common,north,block,SpatialGAM,2762,0.245112237509051,0.0889954135121691,557.084096229105,3.99752640724182
EBS,Atheresthes stomias,common,north,block,GeostatGP,2762,0.245112237509051,0.089475175047175,557.084096229105,2.30985164642334
EBS,Atheresthes stomias,common,north,extent,RF,3000,0.562,0.0200970783004401,557.084096229105,0.784008979797363
EBS,Atheresthes stomias,common,north,extent,SpatialRF,3000,0.562,0.0139839712561179,557.084096229105,1.52386140823364
EBS,Atheresthes stomias,common,north,extent,BRT,3000,0.562,0.049293214451577,557.084096229105,0.439563989639282
EBS,Atheresthes stomias,common,north,extent,MaxEntPO,3000,0.562,0.227101353617663,557.084096229105,0.0180773735046387
EBS,Atheresthes stomias,common,north,extent,SpatialGAM,3000,0.562,0.0603839692811448,557.084096229105,3.38268804550171
EBS,Atheresthes stomias,common,north,extent,GeostatGP,3000,0.562,0.060209328834272,557.084096229105,2.70963096618652
EBS,Atheresthes stomias,common,south,block,RF,2761,0.908728721477725,0.0120312986888297,557.084096229105,0.643065929412842
EBS,Atheresthes stomias,common,south,block,SpatialRF,2761,0.908728721477725,0.0100138806146355,557.084096229105,0.994584321975708
EBS,Atheresthes stomias,common,south,block,BRT,2761,0.908728721477725,0.026123450688091,557.084096229105,0.351097822189331
EBS,Atheresthes stomias,common,south,block,MaxEntPO,2761,0.908728721477725,0.178600964114438,557.084096229105,0.0174994468688965
EBS,Atheresthes stomias,common,south,block,SpatialGAM,2761,0.908728721477725,0.0444503486190971,557.084096229105,4.63755869865418
EBS,Atheresthes stomias,common,south,block,GeostatGP,2761,0.908728721477725,0.0443199449889991,557.084096229105,2.49790835380554
EBS,Atheresthes stomias,common,south,extent,RF,3000,0.401666666666667,0.0205654336000721,557.084096229105,0.799331665039063
EBS,Atheresthes stomias,common,south,extent,SpatialRF,3000,0.401666666666667,0.0150603840660733,557.084096229105,1.55419874191284
EBS,Atheresthes stomias,common,south,extent,BRT,3000,0.401666666666667,0.0533132411078705,557.084096229105,0.439664363861084
EBS,Atheresthes stomias,common,south,extent,MaxEntPO,3000,0.401666666666667,0.189409750385904,557.084096229105,0.024547815322876
EBS,Atheresthes stomias,common,south,extent,SpatialGAM,3000,0.401666666666667,0.0703691587105569,557.084096229105,4.78650045394898
EBS,Atheresthes stomias,common,south,extent,GeostatGP,3000,0.401666666666667,0.0708909181967049,557.084096229105,2.62381315231323
EBS,Atheresthes evermanni,common,east,block,RF,2761,0.0974284679463962,0.0156895263443015,554.777857935155,0.548012971878052
EBS,Atheresthes evermanni,common,east,block,SpatialRF,2761,0.0974284679463962,0.0122309412410136,554.777857935155,1.07119727134705
EBS,Atheresthes evermanni,common,east,block,BRT,2761,0.0974284679463962,0.0355163490259424,554.777857935155,0.376196622848511
EBS,Atheresthes evermanni,common,east,block,MaxEntPO,2761,0.0974284679463962,0.0727051685703843,554.777857935155,0.0128130912780762
EBS,Atheresthes evermanni,common,east,block,SpatialGAM,2761,0.0974284679463962,0.0637159517900216,554.777857935155,2.84814763069153
EBS,Atheresthes evermanni,common,east,block,GeostatGP,2761,0.0974284679463962,0.063102530163703,554.777857935155,2.55846309661865
EBS,Atheresthes evermanni,common,east,extent,RF,3000,0.394,0.0209202276006292,554.777857935155,0.80945897102356
EBS,Atheresthes evermanni,common,east,extent,SpatialRF,3000,0.394,0.0177527486908521,554.777857935155,1.60414123535156
EBS,Atheresthes evermanni,common,east,extent,BRT,3000,0.394,0.0547061521060809,554.777857935155,0.454283714294434
EBS,Atheresthes evermanni,common,east,extent,MaxEntPO,3000,0.394,0.174899694833191,554.777857935155,0.0175032615661621
EBS,Atheresthes evermanni,common,east,extent,SpatialGAM,3000,0.394,0.126513022449896,554.777857935155,8.33726930618286
EBS,Atheresthes evermanni,common,east,extent,GeostatGP,3000,0.394,0.126942115615399,554.777857935155,2.77942991256714
EBS,Atheresthes evermanni,common,west,block,RF,2761,0.593263310394785,0.0197450515713012,554.777857935155,0.743309497833252
EBS,Atheresthes evermanni,common,west,block,SpatialRF,2761,0.593263310394785,0.0177127857113343,554.777857935155,1.6224353313446
EBS,Atheresthes evermanni,common,west,block,BRT,2761,0.593263310394785,0.0486636261888187,554.777857935155,0.38798189163208
EBS,Atheresthes evermanni,common,west,block,MaxEntPO,2761,0.593263310394785,0.289760845408085,554.777857935155,0.0169222354888916
EBS,Atheresthes evermanni,common,west,block,SpatialGAM,2761,0.593263310394785,0.13932457073059,554.777857935155,3.22463250160217
EBS,Atheresthes evermanni,common,west,block,GeostatGP,2761,0.593263310394785,0.139171642612862,554.777857935155,2.25466799736023
EBS,Atheresthes evermanni,common,west,extent,RF,3000,0.272666666666667,0.0194192593909432,554.777857935155,0.73628306388855
EBS,Atheresthes evermanni,common,west,extent,SpatialRF,3000,0.272666666666667,0.0157245661801417,554.777857935155,1.43872880935669
EBS,Atheresthes evermanni,common,west,extent,BRT,3000,0.272666666666667,0.0516121302151081,554.777857935155,0.432902812957764
EBS,Atheresthes evermanni,common,west,extent,MaxEntPO,3000,0.272666666666667,0.127890104500143,554.777857935155,0.0166332721710205
EBS,Atheresthes evermanni,common,west,extent,SpatialGAM,3000,0.272666666666667,0.103515838915525,554.777857935155,3.61107087135315
EBS,Atheresthes evermanni,common,west,extent,GeostatGP,3000,0.272666666666667,0.103992614751662,554.777857935155,2.53129053115845
EBS,Atheresthes evermanni,common,north,block,RF,2762,0.290369297610427,0.0143231206600567,554.777857935155,0.616761684417725
EBS,Atheresthes evermanni,common,north,block,SpatialRF,2762,0.290369297610427,0.013627936672912,554.777857935155,1.24913954734802
EBS,Atheresthes evermanni,common,north,block,BRT,2762,0.290369297610427,0.0342839173203863,554.777857935155,0.377662181854248
EBS,Atheresthes evermanni,common,north,block,MaxEntPO,2762,0.290369297610427,0.143201640806901,554.777857935155,0.0175743103027344
EBS,Atheresthes evermanni,common,north,block,SpatialGAM,2762,0.290369297610427,0.090680077848399,554.777857935155,3.42727589607239
EBS,Atheresthes evermanni,common,north,block,GeostatGP,2762,0.290369297610427,0.0899306815449067,554.777857935155,2.59099864959717
EBS,Atheresthes evermanni,common,north,extent,RF,3000,0.351666666666667,0.0206488382763935,554.777857935155,0.797796726226807
EBS,Atheresthes evermanni,common,north,extent,SpatialRF,3000,0.351666666666667,0.0173362602386495,554.777857935155,1.58183908462524
EBS,Atheresthes evermanni,common,north,extent,BRT,3000,0.351666666666667,0.056727979921594,554.777857935155,0.45576548576355
EBS,Atheresthes evermanni,common,north,extent,MaxEntPO,3000,0.351666666666667,0.150153894926499,554.777857935155,0.018977165222168
EBS,Atheresthes evermanni,common,north,extent,SpatialGAM,3000,0.351666666666667,0.121216068982339,554.777857935155,3.69426321983337
EBS,Atheresthes evermanni,common,north,extent,GeostatGP,3000,0.351666666666667,0.121622489854941,554.777857935155,2.71464896202087
EBS,Atheresthes evermanni,common,south,block,RF,2761,0.55487142339732,0.0271433171814764,554.777857935155,0.792147636413574
EBS,Atheresthes evermanni,common,south,block,SpatialRF,2761,0.55487142339732,0.0218486302644075,554.777857935155,1.64849996566772
EBS,Atheresthes evermanni,common,south,block,BRT,2761,0.55487142339732,0.075145817114795,554.777857935155,0.378892183303833
EBS,Atheresthes evermanni,common,south,block,MaxEntPO,2761,0.55487142339732,0.249344451291916,554.777857935155,0.0157248973846436
EBS,Atheresthes evermanni,common,south,block,SpatialGAM,2761,0.55487142339732,0.179542529536132,554.777857935155,2.77405738830566
EBS,Atheresthes evermanni,common,south,block,GeostatGP,2761,0.55487142339732,0.179869330498751,554.777857935155,2.43191623687744
EBS,Atheresthes evermanni,common,south,extent,RF,3000,0.292,0.0167414592030182,554.777857935155,0.829806089401245
EBS,Atheresthes evermanni,common,south,extent,SpatialRF,3000,0.292,0.0149982316631313,554.777857935155,1.66809129714966
EBS,Atheresthes evermanni,common,south,extent,BRT,3000,0.292,0.0416998212736966,554.777857935155,0.499552011489868
EBS,Atheresthes evermanni,common,south,extent,MaxEntPO,3000,0.292,0.131832544585947,554.777857935155,0.0240187644958496
EBS,Atheresthes evermanni,common,south,extent,SpatialGAM,3000,0.292,0.0922590651971341,554.777857935155,5.08059453964233
EBS,Atheresthes evermanni,common,south,extent,GeostatGP,3000,0.292,0.0926757739398192,554.777857935155,2.47639918327332
EBS,Clupea pallasii,common,east,block,RF,2761,0.292647591452372,0.0500912686424966,543.774297617984,1.04638981819153
EBS,Clupea pallasii,common,east,block,SpatialRF,2761,0.292647591452372,0.0402043434955198,543.774297617984,2.13012290000916
EBS,Clupea pallasii,common,east,block,BRT,2761,0.292647591452372,0.144121316664276,543.774297617984,0.35988187789917
EBS,Clupea pallasii,common,east,block,MaxEntPO,2761,0.292647591452372,0.216456177165041,543.774297617984,0.0138993263244629
EBS,Clupea pallasii,common,east,block,SpatialGAM,2761,0.292647591452372,0.186337733122079,543.774297617984,1.76940941810608
EBS,Clupea pallasii,common,east,block,GeostatGP,2761,0.292647591452372,0.186097552514695,543.774297617984,2.37205147743225
EBS,Clupea pallasii,common,east,extent,RF,3000,0.250666666666667,0.0377072899852168,543.774297617984,0.989628076553345
EBS,Clupea pallasii,common,east,extent,SpatialRF,3000,0.250666666666667,0.0321076661778111,543.774297617984,2.0100429058075
EBS,Clupea pallasii,common,east,extent,BRT,3000,0.250666666666667,0.111947672164735,543.774297617984,0.425635099411011
EBS,Clupea pallasii,common,east,extent,MaxEntPO,3000,0.250666666666667,0.16042647546092,543.774297617984,0.0159256458282471
EBS,Clupea pallasii,common,east,extent,SpatialGAM,3000,0.250666666666667,0.141056984159757,543.774297617984,3.15840029716492
EBS,Clupea pallasii,common,east,extent,GeostatGP,3000,0.250666666666667,0.141157715610064,543.774297617984,2.66338109970093
EBS,Clupea pallasii,common,west,block,RF,2761,0.174212241941326,0.0296443371396674,543.774297617984,0.761053085327148
EBS,Clupea pallasii,common,west,block,SpatialRF,2761,0.174212241941326,0.0253378798403654,543.774297617984,1.60078430175781
EBS,Clupea pallasii,common,west,block,BRT,2761,0.174212241941326,0.0815549372735608,543.774297617984,0.35567569732666
EBS,Clupea pallasii,common,west,block,MaxEntPO,2761,0.174212241941326,0.127030090136637,543.774297617984,0.0143158435821533
EBS,Clupea pallasii,common,west,block,SpatialGAM,2761,0.174212241941326,0.118525416080903,543.774297617984,3.30999112129211
EBS,Clupea pallasii,common,west,block,GeostatGP,2761,0.174212241941326,0.117443938916373,543.774297617984,2.75669407844543
EBS,Clupea pallasii,common,west,extent,RF,3000,0.281,0.0427532745416849,543.774297617984,1.16201496124268
EBS,Clupea pallasii,common,west,extent,SpatialRF,3000,0.281,0.0355081269974431,543.774297617984,2.35271406173706
EBS,Clupea pallasii,common,west,extent,BRT,3000,0.281,0.124244317528275,543.774297617984,0.414076805114746
EBS,Clupea pallasii,common,west,extent,MaxEntPO,3000,0.281,0.184114223632847,543.774297617984,0.0169446468353271
EBS,Clupea pallasii,common,west,extent,SpatialGAM,3000,0.281,0.156058239577139,543.774297617984,3.09637975692749
EBS,Clupea pallasii,common,west,extent,GeostatGP,3000,0.281,0.156418193783426,543.774297617984,2.59980297088623
EBS,Clupea pallasii,common,north,block,RF,2762,0.383055756698045,0.0479107665984266,543.774297617984,1.07555913925171
EBS,Clupea pallasii,common,north,block,SpatialRF,2762,0.383055756698045,0.0410238891725078,543.774297617984,2.11062240600586
EBS,Clupea pallasii,common,north,block,BRT,2762,0.383055756698045,0.145568877912941,543.774297617984,0.368246078491211
EBS,Clupea pallasii,common,north,block,MaxEntPO,2762,0.383055756698045,0.230375181289496,543.774297617984,0.0173027515411377
EBS,Clupea pallasii,common,north,block,SpatialGAM,2762,0.383055756698045,0.188129857361625,543.774297617984,3.03677177429199
EBS,Clupea pallasii,common,north,block,GeostatGP,2762,0.383055756698045,0.188161732880384,543.774297617984,2.7065761089325
EBS,Clupea pallasii,common,north,extent,RF,3000,0.218333333333333,0.037741508301069,543.774297617984,1.04574060440063
EBS,Clupea pallasii,common,north,extent,SpatialRF,3000,0.218333333333333,0.0320818884530136,543.774297617984,2.05894541740417
EBS,Clupea pallasii,common,north,extent,BRT,3000,0.218333333333333,0.110470003427561,543.774297617984,0.406436681747437
EBS,Clupea pallasii,common,north,extent,MaxEntPO,3000,0.218333333333333,0.148581522052232,543.774297617984,0.0138700008392334
EBS,Clupea pallasii,common,north,extent,SpatialGAM,3000,0.218333333333333,0.141878603208334,543.774297617984,3.17502856254578
EBS,Clupea pallasii,common,north,extent,GeostatGP,3000,0.218333333333333,0.141925830515001,543.774297617984,2.36270594596863
EBS,Clupea pallasii,common,south,block,RF,2761,0.0767837739949294,0.0174022860516956,543.774297617984,0.627996206283569
EBS,Clupea pallasii,common,south,block,SpatialRF,2761,0.0767837739949294,0.0143745567106957,543.774297617984,1.32776784896851
EBS,Clupea pallasii,common,south,block,BRT,2761,0.0767837739949294,0.0404496624034258,543.774297617984,0.356734752655029
EBS,Clupea pallasii,common,south,block,MaxEntPO,2761,0.0767837739949294,0.0631637552146883,543.774297617984,0.0131793022155762
EBS,Clupea pallasii,common,south,block,SpatialGAM,2761,0.0767837739949294,0.062340976106242,543.774297617984,3.09966707229614
EBS,Clupea pallasii,common,south,block,GeostatGP,2761,0.0767837739949294,0.0622346257097982,543.774297617984,2.03053045272827
EBS,Clupea pallasii,common,south,extent,RF,3000,0.300666666666667,0.0442026556282498,543.774297617984,1.10517907142639
EBS,Clupea pallasii,common,south,extent,SpatialRF,3000,0.300666666666667,0.0391990387359593,543.774297617984,2.2446711063385
EBS,Clupea pallasii,common,south,extent,BRT,3000,0.300666666666667,0.136504280551491,543.774297617984,0.410393238067627
EBS,Clupea pallasii,common,south,extent,MaxEntPO,3000,0.300666666666667,0.18394708058904,543.774297617984,0.0150954723358154
EBS,Clupea pallasii,common,south,extent,SpatialGAM,3000,0.300666666666667,0.17208734557136,543.774297617984,2.09474420547485
EBS,Clupea pallasii,common,south,extent,GeostatGP,3000,0.300666666666667,0.172017319327416,543.774297617984,2.14054393768311
NS-IBTS,Entelurus aequoreus,rare,east,block,RF,3000,0.035,0.0172918239907039,251.321252407192,0.477537870407105
NS-IBTS,Entelurus aequoreus,rare,east,block,SpatialRF,3000,0.035,0.00657280733042279,251.321252407192,0.960382461547852
NS-IBTS,Entelurus aequoreus,rare,east,block,BRT,3000,0.035,0.0195888675066526,251.321252407192,0.319235801696777
NS-IBTS,Entelurus aequoreus,rare,east,block,MaxEntPO,3000,0.035,0.390327961775729,251.321252407192,0.00998854637145996
NS-IBTS,Entelurus aequoreus,rare,east,block,SpatialGAM,3000,0.035,0.0335006822108311,251.321252407192,1.94963312149048
NS-IBTS,Entelurus aequoreus,rare,east,block,GeostatGP,3000,0.035,0.0334975464066185,251.321252407192,2.31170797348022
NS-IBTS,Entelurus aequoreus,rare,east,extent,RF,3000,0.0516666666666667,0.0192364339352264,251.321252407192,0.463985681533814
NS-IBTS,Entelurus aequoreus,rare,east,extent,SpatialRF,3000,0.0516666666666667,0.00720639512062037,251.321252407192,1.0511691570282
NS-IBTS,Entelurus aequoreus,rare,east,extent,BRT,3000,0.0516666666666667,0.0214324980498111,251.321252407192,0.320514917373657
NS-IBTS,Entelurus aequoreus,rare,east,extent,MaxEntPO,3000,0.0516666666666667,0.198085833304774,251.321252407192,0.0107333660125732
NS-IBTS,Entelurus aequoreus,rare,east,extent,SpatialGAM,3000,0.0516666666666667,0.0483598612834566,251.321252407192,1.67326021194458
NS-IBTS,Entelurus aequoreus,rare,east,extent,GeostatGP,3000,0.0516666666666667,0.0483674434568945,251.321252407192,2.51305294036865
NS-IBTS,Entelurus aequoreus,rare,west,block,RF,3000,0.0776666666666667,0.0190318385192893,251.321252407192,0.4289870262146
NS-IBTS,Entelurus aequoreus,rare,west,block,SpatialRF,3000,0.0776666666666667,0.00753319045061837,251.321252407192,1.06259298324585
NS-IBTS,Entelurus aequoreus,rare,west,block,BRT,3000,0.0776666666666667,0.0192172371699471,251.321252407192,0.314068555831909
NS-IBTS,Entelurus aequoreus,rare,west,block,MaxEntPO,3000,0.0776666666666667,0.379053674089025,251.321252407192,0.0157999992370605
NS-IBTS,Entelurus aequoreus,rare,west,block,SpatialGAM,3000,0.0776666666666667,0.0715137367085734,251.321252407192,1.2962818145752
NS-IBTS,Entelurus aequoreus,rare,west,block,GeostatGP,3000,0.0776666666666667,0.0714758880612012,251.321252407192,3.05624127388001
NS-IBTS,Entelurus aequoreus,rare,west,extent,RF,3000,0.0403333333333333,0.0170823328899886,251.321252407192,0.555793523788452
NS-IBTS,Entelurus aequoreus,rare,west,extent,SpatialRF,3000,0.0403333333333333,0.00672525737418633,251.321252407192,1.12475252151489
NS-IBTS,Entelurus aequoreus,rare,west,extent,BRT,3000,0.0403333333333333,0.019855008828099,251.321252407192,0.307702541351318
NS-IBTS,Entelurus aequoreus,rare,west,extent,MaxEntPO,3000,0.0403333333333333,0.388918675814891,251.321252407192,0.0101714134216309
NS-IBTS,Entelurus aequoreus,rare,west,extent,SpatialGAM,3000,0.0403333333333333,0.0386113340752639,251.321252407192,1.29043078422546
NS-IBTS,Entelurus aequoreus,rare,west,extent,GeostatGP,3000,0.0403333333333333,0.0385660656999853,251.321252407192,2.67455768585205
NS-IBTS,Entelurus aequoreus,rare,north,block,RF,3000,0.0696666666666667,0.0208935980245163,251.321252407192,0.384574174880981
NS-IBTS,Entelurus aequoreus,rare,north,block,SpatialRF,3000,0.0696666666666667,0.00809815435690866,251.321252407192,1.05200409889221
NS-IBTS,Entelurus aequoreus,rare,north,block,BRT,3000,0.0696666666666667,0.0215222344207145,251.321252407192,0.341876268386841
NS-IBTS,Entelurus aequoreus,rare,north,block,MaxEntPO,3000,0.0696666666666667,0.381167603030282,251.321252407192,0.0104615688323975
NS-IBTS,Entelurus aequoreus,rare,north,block,SpatialGAM,3000,0.0696666666666667,0.064408573753488,251.321252407192,1.22343897819519
NS-IBTS,Entelurus aequoreus,rare,north,block,GeostatGP,3000,0.0696666666666667,0.0644714065366442,251.321252407192,2.55422806739807
NS-IBTS,Entelurus aequoreus,rare,north,extent,RF,3000,0.042,0.0177520224518366,251.321252407192,0.449320554733276
NS-IBTS,Entelurus aequoreus,rare,north,extent,SpatialRF,3000,0.042,0.00661356929289026,251.321252407192,0.989622831344604
NS-IBTS,Entelurus aequoreus,rare,north,extent,BRT,3000,0.042,0.01945419453079,251.321252407192,0.304513454437256
NS-IBTS,Entelurus aequoreus,rare,north,extent,MaxEntPO,3000,0.042,0.127775920681004,251.321252407192,0.0112543106079102
NS-IBTS,Entelurus aequoreus,rare,north,extent,SpatialGAM,3000,0.042,0.0398200804627921,251.321252407192,1.88282489776611
NS-IBTS,Entelurus aequoreus,rare,north,extent,GeostatGP,3000,0.042,0.0398362009048721,251.321252407192,2.47616076469421
NS-IBTS,Entelurus aequoreus,rare,south,block,RF,3000,0.0276666666666667,0.0163855044391435,251.321252407192,0.410094738006592
NS-IBTS,Entelurus aequoreus,rare,south,block,SpatialRF,3000,0.0276666666666667,0.00493787402406737,251.321252407192,0.955284357070923
NS-IBTS,Entelurus aequoreus,rare,south,block,BRT,3000,0.0276666666666667,0.0177053679662055,251.321252407192,0.286527633666992
NS-IBTS,Entelurus aequoreus,rare,south,block,MaxEntPO,3000,0.0276666666666667,0.392265729971881,251.321252407192,0.0151166915893555
NS-IBTS,Entelurus aequoreus,rare,south,block,SpatialGAM,3000,0.0276666666666667,0.0266879946978173,251.321252407192,1.58453369140625
NS-IBTS,Entelurus aequoreus,rare,south,block,GeostatGP,3000,0.0276666666666667,0.0266855776763084,251.321252407192,2.72500419616699
NS-IBTS,Entelurus aequoreus,rare,south,extent,RF,3000,0.056,0.0200626967086606,251.321252407192,0.423620700836182
NS-IBTS,Entelurus aequoreus,rare,south,extent,SpatialRF,3000,0.056,0.00742034253248489,251.321252407192,1.10530805587769
NS-IBTS,Entelurus aequoreus,rare,south,extent,BRT,3000,0.056,0.021746466070686,251.321252407192,0.316248178482056
NS-IBTS,Entelurus aequoreus,rare,south,extent,MaxEntPO,3000,0.056,0.38477889830493,251.321252407192,0.0105831623077393
NS-IBTS,Entelurus aequoreus,rare,south,extent,SpatialGAM,3000,0.056,0.0524789077638022,251.321252407192,1.07684564590454
NS-IBTS,Entelurus aequoreus,rare,south,extent,GeostatGP,3000,0.056,0.0524987982818833,251.321252407192,2.21750998497009
NS-IBTS,Trachinus draco,rare,east,block,RF,3000,0.183666666666667,0.0863185291203342,631.597022916579,0.762879371643066
NS-IBTS,Trachinus draco,rare,east,block,SpatialRF,3000,0.183666666666667,0.0242437542025602,631.597022916579,1.46145582199097
NS-IBTS,Trachinus draco,rare,east,block,BRT,3000,0.183666666666667,0.107151407351713,631.597022916579,0.327656984329224
NS-IBTS,Trachinus draco,rare,east,block,MaxEntPO,3000,0.183666666666667,0.244207441133645,631.597022916579,0.072728157043457
NS-IBTS,Trachinus draco,rare,east,block,SpatialGAM,3000,0.183666666666667,0.102073990522448,631.597022916579,2.00902891159058
NS-IBTS,Trachinus draco,rare,east,block,GeostatGP,3000,0.183666666666667,0.103572576465063,631.597022916579,2.60838913917542
NS-IBTS,Trachinus draco,rare,east,extent,RF,3000,0.008,0.00471898694752761,631.597022916579,0.367870807647705
NS-IBTS,Trachinus draco,rare,east,extent,SpatialRF,3000,0.008,0.00158587006855744,631.597022916579,0.624719381332398
NS-IBTS,Trachinus draco,rare,east,extent,BRT,3000,0.008,0.00462703306829804,631.597022916579,0.28689980506897
NS-IBTS,Trachinus draco,rare,east,extent,MaxEntPO,3000,0.008,0.397462471952471,631.597022916579,0.014481782913208
NS-IBTS,Trachinus draco,rare,east,extent,SpatialGAM,3000,0.008,0.00676208770062657,631.597022916579,1.38422441482544
NS-IBTS,Trachinus draco,rare,east,extent,GeostatGP,3000,0.008,0.00670289782599793,631.597022916579,2.44012475013733
NS-IBTS,Trachinus draco,rare,west,extent,RF,3000,0.0516666666666667,0.0301528552255753,631.597022916579,0.607254981994629
NS-IBTS,Trachinus draco,rare,west,extent,SpatialRF,3000,0.0516666666666667,0.00674049131621747,631.597022916579,0.995115756988525
NS-IBTS,Trachinus draco,rare,west,extent,BRT,3000,0.0516666666666667,0.0386326785386098,631.597022916579,0.296526670455933
NS-IBTS,Trachinus draco,rare,west,extent,MaxEntPO,3000,0.0516666666666667,0.162884617545982,631.597022916579,0.0102376937866211
NS-IBTS,Trachinus draco,rare,west,extent,SpatialGAM,3000,0.0516666666666667,0.0304430249533457,631.597022916579,3.12402033805847
NS-IBTS,Trachinus draco,rare,west,extent,GeostatGP,3000,0.0516666666666667,0.0315153704902055,631.597022916579,2.53599905967712
NS-IBTS,Trachinus draco,rare,north,block,RF,3000,0.00233333333333333,0.00149128268118059,631.597022916579,0.292994260787964
NS-IBTS,Trachinus draco,rare,north,block,SpatialRF,3000,0.00233333333333333,0.00037592621795937,631.597022916579,0.467414379119873
NS-IBTS,Trachinus draco,rare,north,block,BRT,3000,0.00233333333333333,0.00131210674778276,631.597022916579,0.296903610229492
NS-IBTS,Trachinus draco,rare,north,block,MaxEntPO,3000,0.00233333333333333,0.398959838285861,631.597022916579,0.0102500915527344
NS-IBTS,Trachinus draco,rare,north,block,SpatialGAM,3000,0.00233333333333333,0.00229572156780351,631.597022916579,2.04757475852966
NS-IBTS,Trachinus draco,rare,north,block,GeostatGP,3000,0.00233333333333333,0.00229424892836688,631.597022916579,2.34819149971008
NS-IBTS,Trachinus draco,rare,north,extent,RF,3000,0.052,0.0296657182015741,631.597022916579,0.64020848274231
NS-IBTS,Trachinus draco,rare,north,extent,SpatialRF,3000,0.052,0.0064933572330418,631.597022916579,0.958894014358521
NS-IBTS,Trachinus draco,rare,north,extent,BRT,3000,0.052,0.03784039839217,631.597022916579,0.30143404006958
NS-IBTS,Trachinus draco,rare,north,extent,MaxEntPO,3000,0.052,0.142800484475171,631.597022916579,0.0106058120727539
NS-IBTS,Trachinus draco,rare,north,extent,SpatialGAM,3000,0.052,0.0313843502846437,631.597022916579,2.24684500694275
NS-IBTS,Trachinus draco,rare,north,extent,GeostatGP,3000,0.052,0.0315554076682224,631.597022916579,2.34782433509827
NS-IBTS,Trachinus draco,rare,south,block,RF,3000,0.0126666666666667,0.00863135264837548,631.597022916579,0.414532661437988
NS-IBTS,Trachinus draco,rare,south,block,SpatialRF,3000,0.0126666666666667,0.00254274294806707,631.597022916579,0.763588905334473
NS-IBTS,Trachinus draco,rare,south,block,BRT,3000,0.0126666666666667,0.00947215186734142,631.597022916579,0.260907173156738
NS-IBTS,Trachinus draco,rare,south,block,MaxEntPO,3000,0.0126666666666667,0.396229346736738,631.597022916579,0.00925993919372559
NS-IBTS,Trachinus draco,rare,south,block,SpatialGAM,3000,0.0126666666666667,0.0109968937397532,631.597022916579,2.62763166427612
NS-IBTS,Trachinus draco,rare,south,block,GeostatGP,3000,0.0126666666666667,0.0109609215726469,631.597022916579,2.65633869171143
NS-IBTS,Trachinus draco,rare,south,extent,RF,3000,0.0446666666666667,0.0201744768835619,631.597022916579,0.555832386016846
NS-IBTS,Trachinus draco,rare,south,extent,SpatialRF,3000,0.0446666666666667,0.00581074478624633,631.597022916579,0.723938941955566
NS-IBTS,Trachinus draco,rare,south,extent,BRT,3000,0.0446666666666667,0.0273622053211009,631.597022916579,0.278800010681152
NS-IBTS,Trachinus draco,rare,south,extent,MaxEntPO,3000,0.0446666666666667,0.0596601552613862,631.597022916579,0.0117948055267334
NS-IBTS,Trachinus draco,rare,south,extent,SpatialGAM,3000,0.0446666666666667,0.0262180452661136,631.597022916579,2.62445068359375
NS-IBTS,Trachinus draco,rare,south,extent,GeostatGP,3000,0.0446666666666667,0.0261440180917061,631.597022916579,2.41111588478088
NS-IBTS,Lycodes vahlii,rare,east,block,RF,3000,0.155333333333333,0.0301299295510336,621.162100605218,0.612789392471314
NS-IBTS,Lycodes vahlii,rare,east,block,SpatialRF,3000,0.155333333333333,0.0145077144169003,621.162100605218,1.0682475566864
NS-IBTS,Lycodes vahlii,rare,east,block,BRT,3000,0.155333333333333,0.046477819989344,621.162100605218,0.312865734100342
NS-IBTS,Lycodes vahlii,rare,east,block,MaxEntPO,3000,0.155333333333333,0.0890996505222181,621.162100605218,0.0139760971069336
NS-IBTS,Lycodes vahlii,rare,east,block,SpatialGAM,3000,0.155333333333333,0.0643806311101626,621.162100605218,2.87486147880554
NS-IBTS,Lycodes vahlii,rare,east,block,GeostatGP,3000,0.155333333333333,0.0648672948945492,621.162100605218,2.03383755683899
NS-IBTS,Lycodes vahlii,rare,east,extent,RF,3000,0.00266666666666667,0.00171007468679021,621.162100605218,0.300217151641846
NS-IBTS,Lycodes vahlii,rare,east,extent,SpatialRF,3000,0.00266666666666667,0.00063543115085,621.162100605218,0.449494600296021
NS-IBTS,Lycodes vahlii,rare,east,extent,BRT,3000,0.00266666666666667,0.00125140883295353,621.162100605218,0.305397987365723
NS-IBTS,Lycodes vahlii,rare,east,extent,MaxEntPO,3000,0.00266666666666667,0.398871757913309,621.162100605218,0.0100462436676025
NS-IBTS,Lycodes vahlii,rare,east,extent,SpatialGAM,3000,0.00266666666666667,0.00261334311622636,621.162100605218,2.28666114807129
NS-IBTS,Lycodes vahlii,rare,east,extent,GeostatGP,3000,0.00266666666666667,0.00260932404261078,621.162100605218,2.46741366386414
NS-IBTS,Lycodes vahlii,rare,west,extent,RF,3000,0.0383333333333333,0.016593813492522,621.162100605218,0.570132732391357
NS-IBTS,Lycodes vahlii,rare,west,extent,SpatialRF,3000,0.0383333333333333,0.00417793183636257,621.162100605218,0.683854579925537
NS-IBTS,Lycodes vahlii,rare,west,extent,BRT,3000,0.0383333333333333,0.0232721299617888,621.162100605218,0.309518575668335
NS-IBTS,Lycodes vahlii,rare,west,extent,MaxEntPO,3000,0.0383333333333333,0.0333346659492695,621.162100605218,0.0119516849517822
NS-IBTS,Lycodes vahlii,rare,west,extent,SpatialGAM,3000,0.0383333333333333,0.0174501784794791,621.162100605218,3.28610062599182
NS-IBTS,Lycodes vahlii,rare,west,extent,GeostatGP,3000,0.0383333333333333,0.0174314882386827,621.162100605218,2.51825475692749
NS-IBTS,Lycodes vahlii,rare,north,block,RF,3000,0.023,0.00779728082271539,621.162100605218,0.473469972610474
NS-IBTS,Lycodes vahlii,rare,north,block,SpatialRF,3000,0.023,0.00285343856673528,621.162100605218,0.538550615310669
NS-IBTS,Lycodes vahlii,rare,north,block,BRT,3000,0.023,0.0112325486981886,621.162100605218,0.289880752563477
NS-IBTS,Lycodes vahlii,rare,north,block,MaxEntPO,3000,0.023,0.0223113176794154,621.162100605218,0.0110044479370117
NS-IBTS,Lycodes vahlii,rare,north,block,SpatialGAM,3000,0.023,0.011417062963135,621.162100605218,3.08559083938599
NS-IBTS,Lycodes vahlii,rare,north,block,GeostatGP,3000,0.023,0.0113298769437515,621.162100605218,2.34297299385071
NS-IBTS,Lycodes vahlii,rare,north,extent,RF,3000,0.037,0.0136170734101671,621.162100605218,0.585262775421143
NS-IBTS,Lycodes vahlii,rare,north,extent,SpatialRF,3000,0.037,0.003555920377631,621.162100605218,0.716740608215332
NS-IBTS,Lycodes vahlii,rare,north,extent,BRT,3000,0.037,0.019558248731428,621.162100605218,0.276906728744507
NS-IBTS,Lycodes vahlii,rare,north,extent,MaxEntPO,3000,0.037,0.0318179430279317,621.162100605218,0.0115728378295898
NS-IBTS,Lycodes vahlii,rare,north,extent,SpatialGAM,3000,0.037,0.0184731611770002,621.162100605218,3.0765700340271
NS-IBTS,Lycodes vahlii,rare,north,extent,GeostatGP,3000,0.037,0.0184357657660829,621.162100605218,2.44679045677185
NS-IBTS,Lycodes vahlii,rare,south,extent,RF,3000,0.0443333333333333,0.0204292914658295,621.162100605218,0.608281135559082
NS-IBTS,Lycodes vahlii,rare,south,extent,SpatialRF,3000,0.0443333333333333,0.0035868904844837,621.162100605218,0.6741783618927
NS-IBTS,Lycodes vahlii,rare,south,extent,BRT,3000,0.0443333333333333,0.0283209915216342,621.162100605218,0.297419786453247
NS-IBTS,Lycodes vahlii,rare,south,extent,MaxEntPO,3000,0.0443333333333333,0.0415215371942434,621.162100605218,0.0109000205993652
NS-IBTS,Lycodes vahlii,rare,south,extent,SpatialGAM,3000,0.0443333333333333,0.0190192568956205,621.162100605218,3.100989818573
NS-IBTS,Lycodes vahlii,rare,south,extent,GeostatGP,3000,0.0443333333333333,0.0190376081743265,621.162100605218,2.31576991081238
NS-IBTS,Pollachius pollachius,rare,east,block,RF,3000,0.0553333333333333,0.0222590721183434,642.131657108337,0.601765394210815
NS-IBTS,Pollachius pollachius,rare,east,block,SpatialRF,3000,0.0553333333333333,0.0120483926230935,642.131657108337,1.14887166023254
NS-IBTS,Pollachius pollachius,rare,east,block,BRT,3000,0.0553333333333333,0.0315428109248856,642.131657108337,0.300914525985718
NS-IBTS,Pollachius pollachius,rare,east,block,MaxEntPO,3000,0.0553333333333333,0.0963584991424229,642.131657108337,0.0109326839447021
NS-IBTS,Pollachius pollachius,rare,east,block,SpatialGAM,3000,0.0553333333333333,0.0464451141904309,642.131657108337,2.84607267379761
NS-IBTS,Pollachius pollachius,rare,east,block,GeostatGP,3000,0.0553333333333333,0.04655738222427,642.131657108337,2.12983155250549
NS-IBTS,Pollachius pollachius,rare,east,extent,RF,3000,0.0136666666666667,0.00643315089817527,642.131657108337,0.452451467514038
NS-IBTS,Pollachius pollachius,rare,east,extent,SpatialRF,3000,0.0136666666666667,0.00300854053666426,642.131657108337,0.663482189178467
NS-IBTS,Pollachius pollachius,rare,east,extent,BRT,3000,0.0136666666666667,0.00819507429878551,642.131657108337,0.273967504501343
NS-IBTS,Pollachius pollachius,rare,east,extent,MaxEntPO,3000,0.0136666666666667,0.0367528755997051,642.131657108337,0.0115604400634766
NS-IBTS,Pollachius pollachius,rare,east,extent,SpatialGAM,3000,0.0136666666666667,0.0111363019617185,642.131657108337,2.74769639968872
NS-IBTS,Pollachius pollachius,rare,east,extent,GeostatGP,3000,0.0136666666666667,0.0112274869828582,642.131657108337,2.48481130599976
NS-IBTS,Pollachius pollachius,rare,west,block,RF,3000,0.00533333333333333,0.00333263042586277,642.131657108337,0.382469415664673
NS-IBTS,Pollachius pollachius,rare,west,block,SpatialRF,3000,0.00533333333333333,0.00147574323443559,642.131657108337,0.594086647033691
NS-IBTS,Pollachius pollachius,rare,west,block,BRT,3000,0.00533333333333333,0.00322930587930093,642.131657108337,0.284544706344605
NS-IBTS,Pollachius pollachius,rare,west,block,MaxEntPO,3000,0.00533333333333333,0.39816711493289,642.131657108337,0.00973391532897949
NS-IBTS,Pollachius pollachius,rare,west,block,SpatialGAM,3000,0.00533333333333333,0.00526365824558607,642.131657108337,1.07943367958069
NS-IBTS,Pollachius pollachius,rare,west,block,GeostatGP,3000,0.00533333333333333,0.00526725508232315,642.131657108337,2.30084943771362
NS-IBTS,Pollachius pollachius,rare,west,extent,RF,3000,0.032,0.0144177378209534,642.131657108337,0.585364818572998
NS-IBTS,Pollachius pollachius,rare,west,extent,SpatialRF,3000,0.032,0.00692038170523471,642.131657108337,0.951929569244385
NS-IBTS,Pollachius pollachius,rare,west,extent,BRT,3000,0.032,0.0203526441857055,642.131657108337,0.278090715408325
NS-IBTS,Pollachius pollachius,rare,west,extent,MaxEntPO,3000,0.032,0.0361472096541046,642.131657108337,0.0105276107788086
NS-IBTS,Pollachius pollachius,rare,west,extent,SpatialGAM,3000,0.032,0.0260561728024709,642.131657108337,1.14969539642334
NS-IBTS,Pollachius pollachius,rare,west,extent,GeostatGP,3000,0.032,0.026586416189631,642.131657108337,2.32445406913757
NS-IBTS,Pollachius pollachius,rare,north,block,RF,3000,0.0466666666666667,0.026649065123023,642.131657108337,0.741123199462891
NS-IBTS,Pollachius pollachius,rare,north,block,SpatialRF,3000,0.0466666666666667,0.0102333469403877,642.131657108337,1.16210746765137
NS-IBTS,Pollachius pollachius,rare,north,block,BRT,3000,0.0466666666666667,0.0366040362893304,642.131657108337,0.300333499908447
NS-IBTS,Pollachius pollachius,rare,north,block,MaxEntPO,3000,0.0466666666666667,0.387245148736396,642.131657108337,0.00999259948730469
NS-IBTS,Pollachius pollachius,rare,north,block,SpatialGAM,3000,0.0466666666666667,0.0397037803997989,642.131657108337,2.05202078819275
NS-IBTS,Pollachius pollachius,rare,north,block,GeostatGP,3000,0.0466666666666667,0.0400080111304059,642.131657108337,2.35323071479797
NS-IBTS,Pollachius pollachius,rare,north,extent,RF,3000,0.019,0.00943853591854798,642.131657108337,0.49979567527771
NS-IBTS,Pollachius pollachius,rare,north,extent,SpatialRF,3000,0.019,0.0044126873798179,642.131657108337,0.811244964599609
NS-IBTS,Pollachius pollachius,rare,north,extent,BRT,3000,0.019,0.0116754003920926,642.131657108337,0.282979726791382
NS-IBTS,Pollachius pollachius,rare,north,extent,MaxEntPO,3000,0.019,0.036280585243501,642.131657108337,0.0103657245635986
NS-IBTS,Pollachius pollachius,rare,north,extent,SpatialGAM,3000,0.019,0.0169156264131399,642.131657108337,1.10547637939453
NS-IBTS,Pollachius pollachius,rare,north,extent,GeostatGP,3000,0.019,0.0169700805287779,642.131657108337,2.33912682533264
NS-IBTS,Pollachius pollachius,rare,south,block,RF,3000,0.00233333333333333,0.00177894621678564,642.131657108337,0.335054636001587
NS-IBTS,Pollachius pollachius,rare,south,block,SpatialRF,3000,0.00233333333333333,0.000631195021734598,642.131657108337,0.441040277481079
NS-IBTS,Pollachius pollachius,rare,south,block,BRT,3000,0.00233333333333333,0.0014992792675814,642.131657108337,0.260156154632568
NS-IBTS,Pollachius pollachius,rare,south,block,MaxEntPO,3000,0.00233333333333333,0.398959838285861,642.131657108337,0.009674072265625
NS-IBTS,Pollachius pollachius,rare,south,block,SpatialGAM,3000,0.00233333333333333,0.00231249731914242,642.131657108337,1.79292225837708
NS-IBTS,Pollachius pollachius,rare,south,block,GeostatGP,3000,0.00233333333333333,0.00230909974225422,642.131657108337,2.52969098091126
NS-IBTS,Pollachius pollachius,rare,south,extent,RF,3000,0.0293333333333333,0.01482181983114,642.131657108337,0.553191184997559
NS-IBTS,Pollachius pollachius,rare,south,extent,SpatialRF,3000,0.0293333333333333,0.00657005601679929,642.131657108337,0.917806625366211
NS-IBTS,Pollachius pollachius,rare,south,extent,BRT,3000,0.0293333333333333,0.0209537123242277,642.131657108337,0.291052579879761
NS-IBTS,Pollachius pollachius,rare,south,extent,MaxEntPO,3000,0.0293333333333333,0.0755348696028335,642.131657108337,0.0105199813842773
NS-IBTS,Pollachius pollachius,rare,south,extent,SpatialGAM,3000,0.0293333333333333,0.0252238123912007,642.131657108337,3.92036461830139
NS-IBTS,Pollachius pollachius,rare,south,extent,GeostatGP,3000,0.0293333333333333,0.0259632636111075,642.131657108337,2.380375623703
NS-IBTS,Ammodytidae,rare,east,block,RF,3000,0.0393333333333333,0.0217237866030272,622.486078652136,0.557595729827881
NS-IBTS,Ammodytidae,rare,east,block,SpatialRF,3000,0.0393333333333333,0.00897849075665961,622.486078652136,1.00486040115356
NS-IBTS,Ammodytidae,rare,east,block,BRT,3000,0.0393333333333333,0.0273188225055872,622.486078652136,0.277620077133179
NS-IBTS,Ammodytidae,rare,east,block,MaxEntPO,3000,0.0393333333333333,0.270925266233785,622.486078652136,0.010608434677124
NS-IBTS,Ammodytidae,rare,east,block,SpatialGAM,3000,0.0393333333333333,0.0348960447605418,622.486078652136,2.77236890792847
NS-IBTS,Ammodytidae,rare,east,block,GeostatGP,3000,0.0393333333333333,0.0350052307229012,622.486078652136,2.25575184822083
NS-IBTS,Ammodytidae,rare,east,extent,RF,3000,0.0146666666666667,0.00756931160886403,622.486078652136,0.415059804916382
NS-IBTS,Ammodytidae,rare,east,extent,SpatialRF,3000,0.0146666666666667,0.00320259234760884,622.486078652136,0.860222816467285
NS-IBTS,Ammodytidae,rare,east,extent,BRT,3000,0.0146666666666667,0.00962972896901511,622.486078652136,0.266487598419189
NS-IBTS,Ammodytidae,rare,east,extent,MaxEntPO,3000,0.0146666666666667,0.331010567829904,622.486078652136,0.00952696800231934
NS-IBTS,Ammodytidae,rare,east,extent,SpatialGAM,3000,0.0146666666666667,0.0142398814005664,622.486078652136,1.53996157646179
NS-IBTS,Ammodytidae,rare,east,extent,GeostatGP,3000,0.0146666666666667,0.0142323923863146,622.486078652136,2.45474481582642
NS-IBTS,Ammodytidae,rare,west,block,RF,3000,0.00833333333333333,0.00460988515051906,622.486078652136,0.350982666015625
NS-IBTS,Ammodytidae,rare,west,block,SpatialRF,3000,0.00833333333333333,0.00236988887578247,622.486078652136,0.630626201629639
NS-IBTS,Ammodytidae,rare,west,block,BRT,3000,0.00833333333333333,0.00483006923869789,622.486078652136,0.267242908477783
NS-IBTS,Ammodytidae,rare,west,block,MaxEntPO,3000,0.00833333333333333,0.397374391579919,622.486078652136,0.0101785659790039
NS-IBTS,Ammodytidae,rare,west,block,SpatialGAM,3000,0.00833333333333333,0.0082187079404837,622.486078652136,2.07323884963989
NS-IBTS,Ammodytidae,rare,west,block,GeostatGP,3000,0.00833333333333333,0.00809998838101767,622.486078652136,2.52060914039612
NS-IBTS,Ammodytidae,rare,west,extent,RF,3000,0.0193333333333333,0.0105538324935738,622.486078652136,0.47839617729187
NS-IBTS,Ammodytidae,rare,west,extent,SpatialRF,3000,0.0193333333333333,0.00419633006347341,622.486078652136,0.844871282577515
NS-IBTS,Ammodytidae,rare,west,extent,BRT,3000,0.0193333333333333,0.0127498149066066,622.486078652136,0.299785614013672
NS-IBTS,Ammodytidae,rare,west,extent,MaxEntPO,3000,0.0193333333333333,0.3142642136986,622.486078652136,0.0102498531341553
NS-IBTS,Ammodytidae,rare,west,extent,SpatialGAM,3000,0.0193333333333333,0.0183448611182701,622.486078652136,1.81871318817139
NS-IBTS,Ammodytidae,rare,west,extent,GeostatGP,3000,0.0193333333333333,0.018328533876765,622.486078652136,2.60792374610901
NS-IBTS,Ammodytidae,rare,north,block,RF,3000,0.005,0.00261485303488207,622.486078652136,0.303585290908814
NS-IBTS,Ammodytidae,rare,north,block,SpatialRF,3000,0.005,0.00137407172629299,622.486078652136,0.565887212753296
NS-IBTS,Ammodytidae,rare,north,block,BRT,3000,0.005,0.00192609288112613,622.486078652136,0.27873969078064
NS-IBTS,Ammodytidae,rare,north,block,MaxEntPO,3000,0.005,0.398255195305442,622.486078652136,0.00966787338256836
NS-IBTS,Ammodytidae,rare,north,block,SpatialGAM,3000,0.005,0.00493034618518631,622.486078652136,1.42811059951782
NS-IBTS,Ammodytidae,rare,north,block,GeostatGP,3000,0.005,0.00491592249201634,622.486078652136,2.52710700035095
NS-IBTS,Ammodytidae,rare,north,extent,RF,3000,0.024,0.0133660342723616,622.486078652136,0.475111484527588
NS-IBTS,Ammodytidae,rare,north,extent,SpatialRF,3000,0.024,0.00476818600848123,622.486078652136,1.00396394729614
NS-IBTS,Ammodytidae,rare,north,extent,BRT,3000,0.024,0.016341989591763,622.486078652136,0.277269601821899
NS-IBTS,Ammodytidae,rare,north,extent,MaxEntPO,3000,0.024,0.195616936827925,622.486078652136,0.0109152793884277
NS-IBTS,Ammodytidae,rare,north,extent,SpatialGAM,3000,0.024,0.0222462838903816,622.486078652136,2.24957513809204
NS-IBTS,Ammodytidae,rare,north,extent,GeostatGP,3000,0.024,0.0223090705125057,622.486078652136,2.29759120941162
NS-IBTS,Ammodytidae,rare,south,block,RF,3000,0.0353333333333333,0.0214987491160878,622.486078652136,0.436762094497681
NS-IBTS,Ammodytidae,rare,south,block,SpatialRF,3000,0.0353333333333333,0.00795566868956288,622.486078652136,0.993743419647217
NS-IBTS,Ammodytidae,rare,south,block,BRT,3000,0.0353333333333333,0.025494306601242,622.486078652136,0.28156566619873
NS-IBTS,Ammodytidae,rare,south,block,MaxEntPO,3000,0.0353333333333333,0.104143200766578,622.486078652136,0.0102634429931641
NS-IBTS,Ammodytidae,rare,south,block,SpatialGAM,3000,0.0353333333333333,0.0325955141584192,622.486078652136,1.45963597297668
NS-IBTS,Ammodytidae,rare,south,block,GeostatGP,3000,0.0353333333333333,0.0327518167259097,622.486078652136,2.45100235939026
NS-IBTS,Ammodytidae,rare,south,extent,RF,3000,0.013,0.00640200927698505,622.486078652136,0.421889543533325
NS-IBTS,Ammodytidae,rare,south,extent,SpatialRF,3000,0.013,0.0027412196732783,622.486078652136,0.804101467132568
NS-IBTS,Ammodytidae,rare,south,extent,BRT,3000,0.013,0.00746796171067834,622.486078652136,0.271673917770386
NS-IBTS,Ammodytidae,rare,south,extent,MaxEntPO,3000,0.013,0.346110742392861,622.486078652136,0.0108015537261963
NS-IBTS,Ammodytidae,rare,south,extent,SpatialGAM,3000,0.013,0.0123003116641006,622.486078652136,1.73876333236694
NS-IBTS,Ammodytidae,rare,south,extent,GeostatGP,3000,0.013,0.012301943408596,622.486078652136,2.60985279083252
NS-IBTS,Merluccius merluccius,intermediate,east,block,RF,3000,0.408333333333333,0.118352942031136,622.115931803099,0.917981147766113
NS-IBTS,Merluccius merluccius,intermediate,east,block,SpatialRF,3000,0.408333333333333,0.0389483173250783,622.115931803099,1.95962810516357
NS-IBTS,Merluccius merluccius,intermediate,east,block,BRT,3000,0.408333333333333,0.163473019353012,622.115931803099,0.316818714141846
NS-IBTS,Merluccius merluccius,intermediate,east,block,MaxEntPO,3000,0.408333333333333,0.216527682061246,622.115931803099,0.0140423774719238
NS-IBTS,Merluccius merluccius,intermediate,east,block,SpatialGAM,3000,0.408333333333333,0.146481231523809,622.115931803099,2.73126292228699
NS-IBTS,Merluccius merluccius,intermediate,east,block,GeostatGP,3000,0.408333333333333,0.149116560741717,622.115931803099,2.35375428199768
NS-IBTS,Merluccius merluccius,intermediate,east,extent,RF,3000,0.203333333333333,0.0486236346283632,622.115931803099,0.77213978767395
NS-IBTS,Merluccius merluccius,intermediate,east,extent,SpatialRF,3000,0.203333333333333,0.0195712061401216,622.115931803099,1.59005880355835
NS-IBTS,Merluccius merluccius,intermediate,east,extent,BRT,3000,0.203333333333333,0.0730145706592048,622.115931803099,0.310869693756104
NS-IBTS,Merluccius merluccius,intermediate,east,extent,MaxEntPO,3000,0.203333333333333,0.115357012131844,622.115931803099,0.0147662162780762
NS-IBTS,Merluccius merluccius,intermediate,east,extent,SpatialGAM,3000,0.203333333333333,0.103901939124943,622.115931803099,2.0625741481781
NS-IBTS,Merluccius merluccius,intermediate,east,extent,GeostatGP,3000,0.203333333333333,0.105053590599705,622.115931803099,2.52632641792297
NS-IBTS,Merluccius merluccius,intermediate,west,block,RF,3000,0.298333333333333,0.0766187020168676,622.115931803099,0.86003041267395
NS-IBTS,Merluccius merluccius,intermediate,west,block,SpatialRF,3000,0.298333333333333,0.0284225226809434,622.115931803099,1.96724128723145
NS-IBTS,Merluccius merluccius,intermediate,west,block,BRT,3000,0.298333333333333,0.108088385215168,622.115931803099,0.321784257888794
NS-IBTS,Merluccius merluccius,intermediate,west,block,MaxEntPO,3000,0.298333333333333,0.159806755595512,622.115931803099,0.0122406482696533
NS-IBTS,Merluccius merluccius,intermediate,west,block,SpatialGAM,3000,0.298333333333333,0.140336028753242,622.115931803099,2.59717440605164
NS-IBTS,Merluccius merluccius,intermediate,west,block,GeostatGP,3000,0.298333333333333,0.143059161905985,622.115931803099,2.41480422019959
NS-IBTS,Merluccius merluccius,intermediate,west,extent,RF,3000,0.226333333333333,0.0725966545095207,622.115931803099,0.896202564239502
NS-IBTS,Merluccius merluccius,intermediate,west,extent,SpatialRF,3000,0.226333333333333,0.0217348188299563,622.115931803099,1.94895577430725
NS-IBTS,Merluccius merluccius,intermediate,west,extent,BRT,3000,0.226333333333333,0.106090206036541,622.115931803099,0.323859930038452
NS-IBTS,Merluccius merluccius,intermediate,west,extent,MaxEntPO,3000,0.226333333333333,0.149008583485829,622.115931803099,0.0139257907867432
NS-IBTS,Merluccius merluccius,intermediate,west,extent,SpatialGAM,3000,0.226333333333333,0.110416483543481,622.115931803099,2.33967232704163
NS-IBTS,Merluccius merluccius,intermediate,west,extent,GeostatGP,3000,0.226333333333333,0.112728127433945,622.115931803099,2.63100075721741
NS-IBTS,Merluccius merluccius,intermediate,north,block,RF,3000,0.521,0.0961337198789678,622.115931803099,0.979144096374512
NS-IBTS,Merluccius merluccius,intermediate,north,block,SpatialRF,3000,0.521,0.0366128441810102,622.115931803099,2.20445132255554
NS-IBTS,Merluccius merluccius,intermediate,north,block,BRT,3000,0.521,0.143805095620623,622.115931803099,0.314395427703857
NS-IBTS,Merluccius merluccius,intermediate,north,block,MaxEntPO,3000,0.521,0.282878904271013,622.115931803099,0.0127842426300049
NS-IBTS,Merluccius merluccius,intermediate,north,block,SpatialGAM,3000,0.521,0.203823253051081,622.115931803099,1.58401036262512
NS-IBTS,Merluccius merluccius,intermediate,north,block,GeostatGP,3000,0.521,0.208825119359076,622.115931803099,2.58992838859558
NS-IBTS,Merluccius merluccius,intermediate,north,extent,RF,3000,0.17,0.0696899339858156,622.115931803099,0.936739921569824
NS-IBTS,Merluccius merluccius,intermediate,north,extent,SpatialRF,3000,0.17,0.0198737372025169,622.115931803099,1.66689705848694
NS-IBTS,Merluccius merluccius,intermediate,north,extent,BRT,3000,0.17,0.0979422813815458,622.115931803099,0.303146600723267
NS-IBTS,Merluccius merluccius,intermediate,north,extent,MaxEntPO,3000,0.17,0.134347777913438,622.115931803099,0.0115065574645996
NS-IBTS,Merluccius merluccius,intermediate,north,extent,SpatialGAM,3000,0.17,0.0902530766396977,622.115931803099,2.25711607933044
NS-IBTS,Merluccius merluccius,intermediate,north,extent,GeostatGP,3000,0.17,0.0913963138408225,622.115931803099,2.33781242370605
NS-IBTS,Merluccius merluccius,intermediate,south,block,RF,3000,0.00333333333333333,0.00203502384395098,622.115931803099,0.364603042602539
NS-IBTS,Merluccius merluccius,intermediate,south,block,SpatialRF,3000,0.00333333333333333,0.000719026187534333,622.115931803099,0.550583124160767
NS-IBTS,Merluccius merluccius,intermediate,south,block,BRT,3000,0.00333333333333333,0.00162143707449776,622.115931803099,0.313613891601563
NS-IBTS,Merluccius merluccius,intermediate,south,block,MaxEntPO,3000,0.00333333333333333,0.398695597168204,622.115931803099,0.0150201320648193
NS-IBTS,Merluccius merluccius,intermediate,south,block,SpatialGAM,3000,0.00333333333333333,0.00318806109872374,622.115931803099,2.80434679985046
NS-IBTS,Merluccius merluccius,intermediate,south,block,GeostatGP,3000,0.00333333333333333,0.00311925417712769,622.115931803099,2.65928077697754
NS-IBTS,Merluccius merluccius,intermediate,south,extent,RF,3000,0.310666666666667,0.0880856221268227,622.115931803099,0.936917781829834
NS-IBTS,Merluccius merluccius,intermediate,south,extent,SpatialRF,3000,0.310666666666667,0.0292035549629953,622.115931803099,2.01331353187561
NS-IBTS,Merluccius merluccius,intermediate,south,extent,BRT,3000,0.310666666666667,0.134048221241704,622.115931803099,0.318319320678711
NS-IBTS,Merluccius merluccius,intermediate,south,extent,MaxEntPO,3000,0.310666666666667,0.210492555676867,622.115931803099,0.0120971202850342
NS-IBTS,Merluccius merluccius,intermediate,south,extent,SpatialGAM,3000,0.310666666666667,0.148577097176966,622.115931803099,1.59110045433044
NS-IBTS,Merluccius merluccius,intermediate,south,extent,GeostatGP,3000,0.310666666666667,0.152303910897232,622.115931803099,2.41182017326355
NS-IBTS,Agonus cataphractus,intermediate,east,block,RF,3000,0.197666666666667,0.0858553075433917,388.10596699932,0.837165594100952
NS-IBTS,Agonus cataphractus,intermediate,east,block,SpatialRF,3000,0.197666666666667,0.0280183406891249,388.10596699932,1.80677056312561
NS-IBTS,Agonus cataphractus,intermediate,east,block,BRT,3000,0.197666666666667,0.113711186425392,388.10596699932,0.316744089126587
NS-IBTS,Agonus cataphractus,intermediate,east,block,MaxEntPO,3000,0.197666666666667,0.15512581193521,388.10596699932,0.0127127170562744
NS-IBTS,Agonus cataphractus,intermediate,east,block,SpatialGAM,3000,0.197666666666667,0.101861773285969,388.10596699932,3.26229095458984
NS-IBTS,Agonus cataphractus,intermediate,east,block,GeostatGP,3000,0.197666666666667,0.10276574250786,388.10596699932,2.64070677757263
NS-IBTS,Agonus cataphractus,intermediate,east,extent,RF,3000,0.150333333333333,0.072923674019907,388.10596699932,0.808459997177124
NS-IBTS,Agonus cataphractus,intermediate,east,extent,SpatialRF,3000,0.150333333333333,0.0249574072848771,388.10596699932,1.89018797874451
NS-IBTS,Agonus cataphractus,intermediate,east,extent,BRT,3000,0.150333333333333,0.105811125067268,388.10596699932,0.318007230758667
NS-IBTS,Agonus cataphractus,intermediate,east,extent,MaxEntPO,3000,0.150333333333333,0.188213297592467,388.10596699932,0.0117933750152588
NS-IBTS,Agonus cataphractus,intermediate,east,extent,SpatialGAM,3000,0.150333333333333,0.105051015546544,388.10596699932,1.84873199462891
NS-IBTS,Agonus cataphractus,intermediate,east,extent,GeostatGP,3000,0.150333333333333,0.107942954594566,388.10596699932,2.67874908447266
NS-IBTS,Agonus cataphractus,intermediate,west,block,RF,3000,0.161333333333333,0.073657971630856,388.10596699932,0.824087142944336
NS-IBTS,Agonus cataphractus,intermediate,west,block,SpatialRF,3000,0.161333333333333,0.0268054003152812,388.10596699932,1.88831949234009
NS-IBTS,Agonus cataphractus,intermediate,west,block,BRT,3000,0.161333333333333,0.10228686588632,388.10596699932,0.309331655502319
NS-IBTS,Agonus cataphractus,intermediate,west,block,MaxEntPO,3000,0.161333333333333,0.123170810972287,388.10596699932,0.0125102996826172
NS-IBTS,Agonus cataphractus,intermediate,west,block,SpatialGAM,3000,0.161333333333333,0.109344226818753,388.10596699932,2.68172025680542
NS-IBTS,Agonus cataphractus,intermediate,west,block,GeostatGP,3000,0.161333333333333,0.112210706256983,388.10596699932,2.3618323802948
NS-IBTS,Agonus cataphractus,intermediate,west,extent,RF,3000,0.145666666666667,0.0706720291385296,388.10596699932,0.813491821289063
NS-IBTS,Agonus cataphractus,intermediate,west,extent,SpatialRF,3000,0.145666666666667,0.0234290361069964,388.10596699932,1.82956576347351
NS-IBTS,Agonus cataphractus,intermediate,west,extent,BRT,3000,0.145666666666667,0.101324985591431,388.10596699932,0.315497636795044
NS-IBTS,Agonus cataphractus,intermediate,west,extent,MaxEntPO,3000,0.145666666666667,0.150511909102526,388.10596699932,0.0112676620483398
NS-IBTS,Agonus cataphractus,intermediate,west,extent,SpatialGAM,3000,0.145666666666667,0.0934279795048721,388.10596699932,2.61500597000122
NS-IBTS,Agonus cataphractus,intermediate,west,extent,GeostatGP,3000,0.145666666666667,0.0957085388806405,388.10596699932,2.93663430213928
NS-IBTS,Agonus cataphractus,intermediate,north,block,RF,3000,0.025,0.0141485947043647,388.10596699932,0.656527757644653
NS-IBTS,Agonus cataphractus,intermediate,north,block,SpatialRF,3000,0.025,0.00571236873217374,388.10596699932,1.10682201385498
NS-IBTS,Agonus cataphractus,intermediate,north,block,BRT,3000,0.025,0.0178405933665153,388.10596699932,0.290381908416748
NS-IBTS,Agonus cataphractus,intermediate,north,block,MaxEntPO,3000,0.025,0.0470034501409018,388.10596699932,0.0111594200134277
NS-IBTS,Agonus cataphractus,intermediate,north,block,SpatialGAM,3000,0.025,0.0226855017091989,388.10596699932,1.17270851135254
NS-IBTS,Agonus cataphractus,intermediate,north,block,GeostatGP,3000,0.025,0.0231833431643797,388.10596699932,2.82454323768616
NS-IBTS,Agonus cataphractus,intermediate,north,extent,RF,3000,0.187333333333333,0.0940984581965778,388.10596699932,1.09826874732971
NS-IBTS,Agonus cataphractus,intermediate,north,extent,SpatialRF,3000,0.187333333333333,0.0296310170393709,388.10596699932,2.05499386787415
NS-IBTS,Agonus cataphractus,intermediate,north,extent,BRT,3000,0.187333333333333,0.131657366639242,388.10596699932,0.343660831451416
NS-IBTS,Agonus cataphractus,intermediate,north,extent,MaxEntPO,3000,0.187333333333333,0.194587252410071,388.10596699932,0.0112249851226807
NS-IBTS,Agonus cataphractus,intermediate,north,extent,SpatialGAM,3000,0.187333333333333,0.124344861011049,388.10596699932,2.69395065307617
NS-IBTS,Agonus cataphractus,intermediate,north,extent,GeostatGP,3000,0.187333333333333,0.126053263312379,388.10596699932,3.03261828422546
NS-IBTS,Agonus cataphractus,intermediate,south,block,RF,3000,0.317333333333333,0.151852754864768,388.10596699932,0.933899164199829
NS-IBTS,Agonus cataphractus,intermediate,south,block,SpatialRF,3000,0.317333333333333,0.0426198652103053,388.10596699932,2.32743048667908
NS-IBTS,Agonus cataphractus,intermediate,south,block,BRT,3000,0.317333333333333,0.191760714691991,388.10596699932,0.300704717636108
NS-IBTS,Agonus cataphractus,intermediate,south,block,MaxEntPO,3000,0.317333333333333,0.221976023718164,388.10596699932,0.0112354755401611
NS-IBTS,Agonus cataphractus,intermediate,south,block,SpatialGAM,3000,0.317333333333333,0.162775689394212,388.10596699932,1.52790760993958
NS-IBTS,Agonus cataphractus,intermediate,south,block,GeostatGP,3000,0.317333333333333,0.167352791920668,388.10596699932,2.71306324005127
NS-IBTS,Agonus cataphractus,intermediate,south,extent,RF,3000,0.107666666666667,0.0527351778090711,388.10596699932,0.804358005523682
NS-IBTS,Agonus cataphractus,intermediate,south,extent,SpatialRF,3000,0.107666666666667,0.0205430497495501,388.10596699932,1.71535420417786
NS-IBTS,Agonus cataphractus,intermediate,south,extent,BRT,3000,0.107666666666667,0.0760789098802989,388.10596699932,0.319689035415649
NS-IBTS,Agonus cataphractus,intermediate,south,extent,MaxEntPO,3000,0.107666666666667,0.163742222477366,388.10596699932,0.0114641189575195
NS-IBTS,Agonus cataphractus,intermediate,south,extent,SpatialGAM,3000,0.107666666666667,0.0818176263886248,388.10596699932,1.26968860626221
NS-IBTS,Agonus cataphractus,intermediate,south,extent,GeostatGP,3000,0.107666666666667,0.0825953921919748,388.10596699932,3.01275515556335
NS-IBTS,Echiichthys vipera,intermediate,east,block,RF,3000,0.0243333333333333,0.0154860367016326,297.146889694263,0.446756839752197
NS-IBTS,Echiichthys vipera,intermediate,east,block,SpatialRF,3000,0.0243333333333333,0.0045608153557202,297.146889694263,0.747656106948853
NS-IBTS,Echiichthys vipera,intermediate,east,block,BRT,3000,0.0243333333333333,0.0172755792010033,297.146889694263,0.295064449310303
NS-IBTS,Echiichthys vipera,intermediate,east,block,MaxEntPO,3000,0.0243333333333333,0.305261613581736,297.146889694263,0.00983738899230957
NS-IBTS,Echiichthys vipera,intermediate,east,block,SpatialGAM,3000,0.0243333333333333,0.0212846307838667,297.146889694263,4.99597859382629
NS-IBTS,Echiichthys vipera,intermediate,east,block,GeostatGP,3000,0.0243333333333333,0.021351592754106,297.146889694263,2.27987480163574
NS-IBTS,Echiichthys vipera,intermediate,east,extent,RF,3000,0.125333333333333,0.0423146357628066,297.146889694263,0.629286289215088
NS-IBTS,Echiichthys vipera,intermediate,east,extent,SpatialRF,3000,0.125333333333333,0.0109879453279004,297.146889694263,1.10129308700562
NS-IBTS,Echiichthys vipera,intermediate,east,extent,BRT,3000,0.125333333333333,0.0595161126957577,297.146889694263,0.303390979766846
NS-IBTS,Echiichthys vipera,intermediate,east,extent,MaxEntPO,3000,0.125333333333333,0.0825088085976609,297.146889694263,0.0120024681091309
NS-IBTS,Echiichthys vipera,intermediate,east,extent,SpatialGAM,3000,0.125333333333333,0.0589004027944923,297.146889694263,2.85142111778259
NS-IBTS,Echiichthys vipera,intermediate,east,extent,GeostatGP,3000,0.125333333333333,0.0609789701027042,297.146889694263,2.761554479599
NS-IBTS,Echiichthys vipera,intermediate,west,block,RF,3000,0.00866666666666667,0.00451926511360635,297.146889694263,0.395196437835693
NS-IBTS,Echiichthys vipera,intermediate,west,block,SpatialRF,3000,0.00866666666666667,0.00114546622641956,297.146889694263,0.55762505531311
NS-IBTS,Echiichthys vipera,intermediate,west,block,BRT,3000,0.00866666666666667,0.00449948663060707,297.146889694263,0.268416166305542
NS-IBTS,Echiichthys vipera,intermediate,west,block,MaxEntPO,3000,0.00866666666666667,0.37631804393081,297.146889694263,0.00993728637695312
NS-IBTS,Echiichthys vipera,intermediate,west,block,SpatialGAM,3000,0.00866666666666667,0.00552713280403674,297.146889694263,4.29545497894287
NS-IBTS,Echiichthys vipera,intermediate,west,block,GeostatGP,3000,0.00866666666666667,0.00546145798582401,297.146889694263,2.84235453605652
NS-IBTS,Echiichthys vipera,intermediate,west,extent,RF,3000,0.126333333333333,0.0558141018944507,297.146889694263,0.668250560760498
NS-IBTS,Echiichthys vipera,intermediate,west,extent,SpatialRF,3000,0.126333333333333,0.0125196389123262,297.146889694263,1.15182089805603
NS-IBTS,Echiichthys vipera,intermediate,west,extent,BRT,3000,0.126333333333333,0.076347761551087,297.146889694263,0.317314386367798
NS-IBTS,Echiichthys vipera,intermediate,west,extent,MaxEntPO,3000,0.126333333333333,0.100281402195733,297.146889694263,0.0126059055328369
NS-IBTS,Echiichthys vipera,intermediate,west,extent,SpatialGAM,3000,0.126333333333333,0.0612239857154339,297.146889694263,2.06229782104492
NS-IBTS,Echiichthys vipera,intermediate,west,extent,GeostatGP,3000,0.126333333333333,0.0644615483428128,297.146889694263,3.1402952671051
NS-IBTS,Echiichthys vipera,intermediate,north,extent,RF,3000,0.125,0.0588935295495695,297.146889694263,0.70647406578064
NS-IBTS,Echiichthys vipera,intermediate,north,extent,SpatialRF,3000,0.125,0.0119127027195789,297.146889694263,1.22468662261963
NS-IBTS,Echiichthys vipera,intermediate,north,extent,BRT,3000,0.125,0.0796153679853418,297.146889694263,0.310369729995728
NS-IBTS,Echiichthys vipera,intermediate,north,extent,MaxEntPO,3000,0.125,0.103792801107871,297.146889694263,0.0112972259521484
NS-IBTS,Echiichthys vipera,intermediate,north,extent,SpatialGAM,3000,0.125,0.0601381141549808,297.146889694263,3.64322328567505
NS-IBTS,Echiichthys vipera,intermediate,north,extent,GeostatGP,3000,0.125,0.0616358595558152,297.146889694263,2.5666766166687
NS-IBTS,Echiichthys vipera,intermediate,south,block,RF,3000,0.403333333333333,0.147269993181386,297.146889694263,0.918027639389038
NS-IBTS,Echiichthys vipera,intermediate,south,block,SpatialRF,3000,0.403333333333333,0.0297405374416561,297.146889694263,2.01467680931091
NS-IBTS,Echiichthys vipera,intermediate,south,block,BRT,3000,0.403333333333333,0.186768367247074,297.146889694263,0.339895725250244
NS-IBTS,Echiichthys vipera,intermediate,south,block,MaxEntPO,3000,0.403333333333333,0.267210771693486,297.146889694263,0.0185286998748779
NS-IBTS,Echiichthys vipera,intermediate,south,block,SpatialGAM,3000,0.403333333333333,0.153389429610243,297.146889694263,2.38986325263977
NS-IBTS,Echiichthys vipera,intermediate,south,block,GeostatGP,3000,0.403333333333333,0.161393216880553,297.146889694263,2.76979637145996
NS-IBTS,Echiichthys vipera,intermediate,south,extent,RF,3000,0.026,0.012306016215987,297.146889694263,0.453885793685913
NS-IBTS,Echiichthys vipera,intermediate,south,extent,SpatialRF,3000,0.026,0.00381679519216804,297.146889694263,0.713509559631348
NS-IBTS,Echiichthys vipera,intermediate,south,extent,BRT,3000,0.026,0.015773867159196,297.146889694263,0.269898653030396
NS-IBTS,Echiichthys vipera,intermediate,south,extent,MaxEntPO,3000,0.026,0.0592375710200916,297.146889694263,0.0109260082244873
NS-IBTS,Echiichthys vipera,intermediate,south,extent,SpatialGAM,3000,0.026,0.0175128296213222,297.146889694263,1.5351197719574
NS-IBTS,Echiichthys vipera,intermediate,south,extent,GeostatGP,3000,0.026,0.017670944471728,297.146889694263,2.67085027694702
NS-IBTS,Scophthalmus maximus,intermediate,east,block,RF,3000,0.147,0.0793118358112753,619.868204137533,0.849802494049072
NS-IBTS,Scophthalmus maximus,intermediate,east,block,SpatialRF,3000,0.147,0.0297964962200768,619.868204137533,1.8591730594635
NS-IBTS,Scophthalmus maximus,intermediate,east,block,BRT,3000,0.147,0.10585160962483,619.868204137533,0.318333387374878
NS-IBTS,Scophthalmus maximus,intermediate,east,block,MaxEntPO,3000,0.147,0.206283403208392,619.868204137533,0.0113935470581055
NS-IBTS,Scophthalmus maximus,intermediate,east,block,SpatialGAM,3000,0.147,0.10993415774916,619.868204137533,4.44962978363037
NS-IBTS,Scophthalmus maximus,intermediate,east,block,GeostatGP,3000,0.147,0.111042088491798,619.868204137533,2.24001312255859
NS-IBTS,Scophthalmus maximus,intermediate,east,extent,RF,3000,0.0566666666666667,0.0325969260679974,619.868204137533,0.721526861190796
NS-IBTS,Scophthalmus maximus,intermediate,east,extent,SpatialRF,3000,0.0566666666666667,0.0134203752438847,619.868204137533,1.46352529525757
NS-IBTS,Scophthalmus maximus,intermediate,east,extent,BRT,3000,0.0566666666666667,0.0445497350604305,619.868204137533,0.304176092147827
NS-IBTS,Scophthalmus maximus,intermediate,east,extent,MaxEntPO,3000,0.0566666666666667,0.173611899759359,619.868204137533,0.0101869106292725
NS-IBTS,Scophthalmus maximus,intermediate,east,extent,SpatialGAM,3000,0.0566666666666667,0.050861944375609,619.868204137533,2.05017328262329
NS-IBTS,Scophthalmus maximus,intermediate,east,extent,GeostatGP,3000,0.0566666666666667,0.0511682899935128,619.868204137533,2.66599440574646
NS-IBTS,Scophthalmus maximus,intermediate,west,block,RF,3000,0.033,0.0209019963362075,619.868204137533,0.641810894012451
NS-IBTS,Scophthalmus maximus,intermediate,west,block,SpatialRF,3000,0.033,0.0088073572423972,619.868204137533,1.29322838783264
NS-IBTS,Scophthalmus maximus,intermediate,west,block,BRT,3000,0.033,0.0270828449443203,619.868204137533,0.322203397750855
NS-IBTS,Scophthalmus maximus,intermediate,west,block,MaxEntPO,3000,0.033,0.356803226002848,619.868204137533,0.0105020999908447
NS-IBTS,Scophthalmus maximus,intermediate,west,block,SpatialGAM,3000,0.033,0.0308280811324567,619.868204137533,2.63685965538025
NS-IBTS,Scophthalmus maximus,intermediate,west,block,GeostatGP,3000,0.033,0.0308001041995744,619.868204137533,2.32206892967224
NS-IBTS,Scophthalmus maximus,intermediate,west,extent,RF,3000,0.0736666666666667,0.0439224330076075,619.868204137533,0.828552722930908
NS-IBTS,Scophthalmus maximus,intermediate,west,extent,SpatialRF,3000,0.0736666666666667,0.0155953030295266,619.868204137533,1.70645403862
NS-IBTS,Scophthalmus maximus,intermediate,west,extent,BRT,3000,0.0736666666666667,0.0589569542092329,619.868204137533,0.330377578735352
NS-IBTS,Scophthalmus maximus,intermediate,west,extent,MaxEntPO,3000,0.0736666666666667,0.187460827635579,619.868204137533,0.0109632015228271
NS-IBTS,Scophthalmus maximus,intermediate,west,extent,SpatialGAM,3000,0.0736666666666667,0.0642695352956409,619.868204137533,1.56619095802307
NS-IBTS,Scophthalmus maximus,intermediate,west,extent,GeostatGP,3000,0.0736666666666667,0.0647909827133688,619.868204137533,2.58790826797485
NS-IBTS,Scophthalmus maximus,intermediate,north,block,RF,3000,0.0136666666666667,0.00767561110194762,619.868204137533,0.446885347366333
NS-IBTS,Scophthalmus maximus,intermediate,north,block,SpatialRF,3000,0.0136666666666667,0.00366778377806977,619.868204137533,0.87064790725708
NS-IBTS,Scophthalmus maximus,intermediate,north,block,BRT,3000,0.0136666666666667,0.00896198437667055,619.868204137533,0.288362503051758
NS-IBTS,Scophthalmus maximus,intermediate,north,block,MaxEntPO,3000,0.0136666666666667,0.136913891082005,619.868204137533,0.0115225315093994
NS-IBTS,Scophthalmus maximus,intermediate,north,block,SpatialGAM,3000,0.0136666666666667,0.0131638366986133,619.868204137533,1.45222187042236
NS-IBTS,Scophthalmus maximus,intermediate,north,block,GeostatGP,3000,0.0136666666666667,0.0132705502550562,619.868204137533,2.47352385520935
NS-IBTS,Scophthalmus maximus,intermediate,north,extent,RF,3000,0.095,0.054065101619879,619.868204137533,0.795740365982056
NS-IBTS,Scophthalmus maximus,intermediate,north,extent,SpatialRF,3000,0.095,0.0199868025887118,619.868204137533,1.81144952774048
NS-IBTS,Scophthalmus maximus,intermediate,north,extent,BRT,3000,0.095,0.074715663709078,619.868204137533,0.335439443588257
NS-IBTS,Scophthalmus maximus,intermediate,north,extent,MaxEntPO,3000,0.095,0.188555654841645,619.868204137533,0.0159175395965576
NS-IBTS,Scophthalmus maximus,intermediate,north,extent,SpatialGAM,3000,0.095,0.0821525654570295,619.868204137533,1.85288047790527
NS-IBTS,Scophthalmus maximus,intermediate,north,extent,GeostatGP,3000,0.095,0.0828766620756817,619.868204137533,2.80474400520325
NS-IBTS,Scophthalmus maximus,intermediate,south,block,RF,3000,0.110333333333333,0.067941159039579,619.868204137533,0.790750503540039
NS-IBTS,Scophthalmus maximus,intermediate,south,block,SpatialRF,3000,0.110333333333333,0.02331602574266,619.868204137533,1.97548270225525
NS-IBTS,Scophthalmus maximus,intermediate,south,block,BRT,3000,0.110333333333333,0.0848754882546449,619.868204137533,0.299758434295654
NS-IBTS,Scophthalmus maximus,intermediate,south,block,MaxEntPO,3000,0.110333333333333,0.200933398148618,619.868204137533,0.0106887817382813
NS-IBTS,Scophthalmus maximus,intermediate,south,block,SpatialGAM,3000,0.110333333333333,0.0928921752892162,619.868204137533,1.29676699638367
NS-IBTS,Scophthalmus maximus,intermediate,south,block,GeostatGP,3000,0.110333333333333,0.0936068780713113,619.868204137533,2.66234874725342
NS-IBTS,Scophthalmus maximus,intermediate,south,extent,RF,3000,0.064,0.0326959333641609,619.868204137533,0.738714933395386
NS-IBTS,Scophthalmus maximus,intermediate,south,extent,SpatialRF,3000,0.064,0.0144384569649182,619.868204137533,1.49093365669251
NS-IBTS,Scophthalmus maximus,intermediate,south,extent,BRT,3000,0.064,0.0479231787955654,619.868204137533,0.296345710754395
NS-IBTS,Scophthalmus maximus,intermediate,south,extent,MaxEntPO,3000,0.064,0.10637482043399,619.868204137533,0.0107052326202393
NS-IBTS,Scophthalmus maximus,intermediate,south,extent,SpatialGAM,3000,0.064,0.0548791683619824,619.868204137533,2.21742868423462
NS-IBTS,Scophthalmus maximus,intermediate,south,extent,GeostatGP,3000,0.064,0.0557794575980716,619.868204137533,2.66253662109375
NS-IBTS,Scophthalmus rhombus,intermediate,east,block,RF,3000,0.169333333333333,0.084914742546071,615.762502798639,0.799622535705566
NS-IBTS,Scophthalmus rhombus,intermediate,east,block,SpatialRF,3000,0.169333333333333,0.0273365435739428,615.762502798639,1.65956163406372
NS-IBTS,Scophthalmus rhombus,intermediate,east,block,BRT,3000,0.169333333333333,0.111333782026571,615.762502798639,0.32571291923523
NS-IBTS,Scophthalmus rhombus,intermediate,east,block,MaxEntPO,3000,0.169333333333333,0.220350094653689,615.762502798639,0.0127880573272705
NS-IBTS,Scophthalmus rhombus,intermediate,east,block,SpatialGAM,3000,0.169333333333333,0.105371908780551,615.762502798639,4.92917370796204
NS-IBTS,Scophthalmus rhombus,intermediate,east,block,GeostatGP,3000,0.169333333333333,0.106030022142012,615.762502798639,2.60559439659119
NS-IBTS,Scophthalmus rhombus,intermediate,east,extent,RF,3000,0.0273333333333333,0.0173035021758033,615.762502798639,0.636497259140015
NS-IBTS,Scophthalmus rhombus,intermediate,east,extent,SpatialRF,3000,0.0273333333333333,0.00671129972440052,615.762502798639,1.39209127426147
NS-IBTS,Scophthalmus rhombus,intermediate,east,extent,BRT,3000,0.0273333333333333,0.0225359526004284,615.762502798639,0.349655866622925
NS-IBTS,Scophthalmus rhombus,intermediate,east,extent,MaxEntPO,3000,0.0273333333333333,0.238458584073271,615.762502798639,0.0125515460968018
NS-IBTS,Scophthalmus rhombus,intermediate,east,extent,SpatialGAM,3000,0.0273333333333333,0.0258893621794523,615.762502798639,1.33718705177307
NS-IBTS,Scophthalmus rhombus,intermediate,east,extent,GeostatGP,3000,0.0273333333333333,0.0258635888123972,615.762502798639,2.53806972503662
NS-IBTS,Scophthalmus rhombus,intermediate,west,block,RF,3000,0.023,0.0137393784895487,615.762502798639,0.574158430099487
NS-IBTS,Scophthalmus rhombus,intermediate,west,block,SpatialRF,3000,0.023,0.00531932258518029,615.762502798639,1.16632008552551
NS-IBTS,Scophthalmus rhombus,intermediate,west,block,BRT,3000,0.023,0.0166788701623162,615.762502798639,0.286986827850342
NS-IBTS,Scophthalmus rhombus,intermediate,west,block,MaxEntPO,3000,0.023,0.162574912862046,615.762502798639,0.0104775428771973
NS-IBTS,Scophthalmus rhombus,intermediate,west,block,SpatialGAM,3000,0.023,0.0203968560821935,615.762502798639,1.77164840698242
NS-IBTS,Scophthalmus rhombus,intermediate,west,block,GeostatGP,3000,0.023,0.0204618881772466,615.762502798639,2.51594519615173
NS-IBTS,Scophthalmus rhombus,intermediate,west,extent,RF,3000,0.0643333333333333,0.0377760784178493,615.762502798639,0.678866386413574
NS-IBTS,Scophthalmus rhombus,intermediate,west,extent,SpatialRF,3000,0.0643333333333333,0.0114063878515501,615.762502798639,1.30023288726807
NS-IBTS,Scophthalmus rhombus,intermediate,west,extent,BRT,3000,0.0643333333333333,0.0507836865333919,615.762502798639,0.321051359176636
NS-IBTS,Scophthalmus rhombus,intermediate,west,extent,MaxEntPO,3000,0.0643333333333333,0.185994129297533,615.762502798639,0.0124876499176025
NS-IBTS,Scophthalmus rhombus,intermediate,west,extent,SpatialGAM,3000,0.0643333333333333,0.0471891223226886,615.762502798639,3.20908331871033
NS-IBTS,Scophthalmus rhombus,intermediate,west,extent,GeostatGP,3000,0.0643333333333333,0.0473435444549025,615.762502798639,2.92605876922607
NS-IBTS,Scophthalmus rhombus,intermediate,north,block,RF,3000,0.0153333333333333,0.0058593515038495,615.762502798639,0.375069141387939
NS-IBTS,Scophthalmus rhombus,intermediate,north,block,SpatialRF,3000,0.0153333333333333,0.0031301083861344,615.762502798639,0.616632461547852
NS-IBTS,Scophthalmus rhombus,intermediate,north,block,BRT,3000,0.0153333333333333,0.0065198327207839,615.762502798639,0.301971435546875
NS-IBTS,Scophthalmus rhombus,intermediate,north,block,MaxEntPO,3000,0.0153333333333333,0.0144299458207592,615.762502798639,0.0124611854553223
NS-IBTS,Scophthalmus rhombus,intermediate,north,block,SpatialGAM,3000,0.0153333333333333,0.0127546322736383,615.762502798639,1.36787581443787
NS-IBTS,Scophthalmus rhombus,intermediate,north,block,GeostatGP,3000,0.0153333333333333,0.0127873744631384,615.762502798639,2.48035025596619
NS-IBTS,Scophthalmus rhombus,intermediate,north,extent,RF,3000,0.0663333333333333,0.0385437382805397,615.762502798639,0.745211124420166
NS-IBTS,Scophthalmus rhombus,intermediate,north,extent,SpatialRF,3000,0.0663333333333333,0.0114457812921288,615.762502798639,1.4211323261261
NS-IBTS,Scophthalmus rhombus,intermediate,north,extent,BRT,3000,0.0663333333333333,0.0508702056367044,615.762502798639,0.309871912002564
NS-IBTS,Scophthalmus rhombus,intermediate,north,extent,MaxEntPO,3000,0.0663333333333333,0.133961109056091,615.762502798639,0.0128617286682129
NS-IBTS,Scophthalmus rhombus,intermediate,north,extent,SpatialGAM,3000,0.0663333333333333,0.0485076877993844,615.762502798639,2.34229159355164
NS-IBTS,Scophthalmus rhombus,intermediate,north,extent,GeostatGP,3000,0.0663333333333333,0.0486856719973386,615.762502798639,2.82494711875916
NS-IBTS,Scophthalmus rhombus,intermediate,south,block,RF,3000,0.0513333333333333,0.0331483885860342,615.762502798639,0.660878896713257
NS-IBTS,Scophthalmus rhombus,intermediate,south,block,SpatialRF,3000,0.0513333333333333,0.0122807109885766,615.762502798639,1.43787503242493
NS-IBTS,Scophthalmus rhombus,intermediate,south,block,BRT,3000,0.0513333333333333,0.0406584013654121,615.762502798639,0.29281497001648
NS-IBTS,Scophthalmus rhombus,intermediate,south,block,MaxEntPO,3000,0.0513333333333333,0.0871299125379395,615.762502798639,0.0105462074279785
NS-IBTS,Scophthalmus rhombus,intermediate,south,block,SpatialGAM,3000,0.0513333333333333,0.0476762964400157,615.762502798639,2.58261704444885
NS-IBTS,Scophthalmus rhombus,intermediate,south,block,GeostatGP,3000,0.0513333333333333,0.0478060722739942,615.762502798639,2.27891159057617
NS-IBTS,Scophthalmus rhombus,intermediate,south,extent,RF,3000,0.0566666666666667,0.0273085927478333,615.762502798639,0.630004405975342
NS-IBTS,Scophthalmus rhombus,intermediate,south,extent,SpatialRF,3000,0.0566666666666667,0.00896313696295133,615.762502798639,1.12948632240295
NS-IBTS,Scophthalmus rhombus,intermediate,south,extent,BRT,3000,0.0566666666666667,0.0384350164715216,615.762502798639,0.281464338302612
NS-IBTS,Scophthalmus rhombus,intermediate,south,extent,MaxEntPO,3000,0.0566666666666667,0.0698134597365662,615.762502798639,0.011033296585083
NS-IBTS,Scophthalmus rhombus,intermediate,south,extent,SpatialGAM,3000,0.0566666666666667,0.0376890112649048,615.762502798639,3.4254994392395
NS-IBTS,Scophthalmus rhombus,intermediate,south,extent,GeostatGP,3000,0.0566666666666667,0.0381334569806512,615.762502798639,2.64843535423279
NS-IBTS,Pleuronectes platessa,common,east,block,RF,3000,0.918333333333333,0.0315099184889132,231.140701648949,0.745883703231812
NS-IBTS,Pleuronectes platessa,common,east,block,SpatialRF,3000,0.918333333333333,0.0153031066460521,231.140701648949,1.40310645103455
NS-IBTS,Pleuronectes platessa,common,east,block,BRT,3000,0.918333333333333,0.0446715089811181,231.140701648949,0.270934820175171
NS-IBTS,Pleuronectes platessa,common,east,block,MaxEntPO,3000,0.918333333333333,0.156935771146452,231.140701648949,0.0146479606628418
NS-IBTS,Pleuronectes platessa,common,east,block,SpatialGAM,3000,0.918333333333333,0.0538972240039411,231.140701648949,1.2249276638031
NS-IBTS,Pleuronectes platessa,common,east,block,GeostatGP,3000,0.918333333333333,0.0539101606297146,231.140701648949,2.3471212387085
NS-IBTS,Pleuronectes platessa,common,east,extent,RF,3000,0.691666666666667,0.0692014995934822,231.140701648949,0.902846336364746
NS-IBTS,Pleuronectes platessa,common,east,extent,SpatialRF,3000,0.691666666666667,0.0258009614414707,231.140701648949,1.88079810142517
NS-IBTS,Pleuronectes platessa,common,east,extent,BRT,3000,0.691666666666667,0.11021181785493,231.140701648949,0.339168310165405
NS-IBTS,Pleuronectes platessa,common,east,extent,MaxEntPO,3000,0.691666666666667,0.185556159737952,231.140701648949,0.0136022567749023
NS-IBTS,Pleuronectes platessa,common,east,extent,SpatialGAM,3000,0.691666666666667,0.12132536317332,231.140701648949,2.13766574859619
NS-IBTS,Pleuronectes platessa,common,east,extent,GeostatGP,3000,0.691666666666667,0.124389595966015,231.140701648949,2.54993319511414
NS-IBTS,Pleuronectes platessa,common,west,block,RF,3000,0.738666666666667,0.0678272306941999,231.140701648949,0.923229217529297
NS-IBTS,Pleuronectes platessa,common,west,block,SpatialRF,3000,0.738666666666667,0.024415485137983,231.140701648949,1.84697580337524
NS-IBTS,Pleuronectes platessa,common,west,block,BRT,3000,0.738666666666667,0.102836392919966,231.140701648949,0.297284603118897
NS-IBTS,Pleuronectes platessa,common,west,block,MaxEntPO,3000,0.738666666666667,0.187188921106008,231.140701648949,0.0143227577209473
NS-IBTS,Pleuronectes platessa,common,west,block,SpatialGAM,3000,0.738666666666667,0.110334615033317,231.140701648949,1.77510142326355
NS-IBTS,Pleuronectes platessa,common,west,block,GeostatGP,3000,0.738666666666667,0.113468531008656,231.140701648949,2.74837803840637
NS-IBTS,Pleuronectes platessa,common,west,extent,RF,3000,0.729666666666667,0.0634906617064057,231.140701648949,0.925363302230835
NS-IBTS,Pleuronectes platessa,common,west,extent,SpatialRF,3000,0.729666666666667,0.0226868329129776,231.140701648949,1.87870836257935
NS-IBTS,Pleuronectes platessa,common,west,extent,BRT,3000,0.729666666666667,0.099199307212395,231.140701648949,0.303720474243164
NS-IBTS,Pleuronectes platessa,common,west,extent,MaxEntPO,3000,0.729666666666667,0.196828761882154,231.140701648949,0.0145394802093506
NS-IBTS,Pleuronectes platessa,common,west,extent,SpatialGAM,3000,0.729666666666667,0.108856854113031,231.140701648949,1.31567621231079
NS-IBTS,Pleuronectes platessa,common,west,extent,GeostatGP,3000,0.729666666666667,0.109850766060981,231.140701648949,2.78989839553833
NS-IBTS,Pleuronectes platessa,common,north,block,RF,3000,0.343333333333333,0.0887317359485014,231.140701648949,0.931828260421753
NS-IBTS,Pleuronectes platessa,common,north,block,SpatialRF,3000,0.343333333333333,0.025216292551085,231.140701648949,1.87430500984192
NS-IBTS,Pleuronectes platessa,common,north,block,BRT,3000,0.343333333333333,0.125914252636905,231.140701648949,0.321241617202759
NS-IBTS,Pleuronectes platessa,common,north,block,MaxEntPO,3000,0.343333333333333,0.187568069341548,231.140701648949,0.0129551887512207
NS-IBTS,Pleuronectes platessa,common,north,block,SpatialGAM,3000,0.343333333333333,0.113309231056965,231.140701648949,1.63079309463501
NS-IBTS,Pleuronectes platessa,common,north,block,GeostatGP,3000,0.343333333333333,0.11538741772609,231.140701648949,2.73116087913513
NS-IBTS,Pleuronectes platessa,common,north,extent,RF,3000,0.829,0.0632598407009654,231.140701648949,0.933156490325928
NS-IBTS,Pleuronectes platessa,common,north,extent,SpatialRF,3000,0.829,0.0234703268175626,231.140701648949,1.8123824596405
NS-IBTS,Pleuronectes platessa,common,north,extent,BRT,3000,0.829,0.0961201731569095,231.140701648949,0.298243522644043
NS-IBTS,Pleuronectes platessa,common,north,extent,MaxEntPO,3000,0.829,0.200771461058926,231.140701648949,0.0138955116271973
NS-IBTS,Pleuronectes platessa,common,north,extent,SpatialGAM,3000,0.829,0.105410371007537,231.140701648949,2.52001547813416
NS-IBTS,Pleuronectes platessa,common,north,extent,GeostatGP,3000,0.829,0.107053096930647,231.140701648949,2.94194507598877
NS-IBTS,Pleuronectes platessa,common,south,block,RF,3000,0.911666666666667,0.0555585052364053,231.140701648949,0.788419485092163
NS-IBTS,Pleuronectes platessa,common,south,block,SpatialRF,3000,0.911666666666667,0.019485413061084,231.140701648949,1.75397300720215
NS-IBTS,Pleuronectes platessa,common,south,block,BRT,3000,0.911666666666667,0.0710569777583844,231.140701648949,0.291546106338501
NS-IBTS,Pleuronectes platessa,common,south,block,MaxEntPO,3000,0.911666666666667,0.161910143832206,231.140701648949,0.0135316848754883
NS-IBTS,Pleuronectes platessa,common,south,block,SpatialGAM,3000,0.911666666666667,0.0743038225851072,231.140701648949,1.72385478019714
NS-IBTS,Pleuronectes platessa,common,south,block,GeostatGP,3000,0.911666666666667,0.0751009555467434,231.140701648949,2.63239812850952
NS-IBTS,Pleuronectes platessa,common,south,extent,RF,3000,0.681333333333333,0.0705388666243625,231.140701648949,0.937656402587891
NS-IBTS,Pleuronectes platessa,common,south,extent,SpatialRF,3000,0.681333333333333,0.0257465260688587,231.140701648949,1.91464710235596
NS-IBTS,Pleuronectes platessa,common,south,extent,BRT,3000,0.681333333333333,0.112530521347881,231.140701648949,0.313337087631226
NS-IBTS,Pleuronectes platessa,common,south,extent,MaxEntPO,3000,0.681333333333333,0.223913405242162,231.140701648949,0.0149931907653809
NS-IBTS,Pleuronectes platessa,common,south,extent,SpatialGAM,3000,0.681333333333333,0.119587799144856,231.140701648949,1.93310713768005
NS-IBTS,Pleuronectes platessa,common,south,extent,GeostatGP,3000,0.681333333333333,0.12179661776481,231.140701648949,2.93019914627075
NS-IBTS,Melanogrammus aeglefinus,common,east,block,RF,3000,0.547,0.0904423714770262,629.029734580054,0.853360652923584
NS-IBTS,Melanogrammus aeglefinus,common,east,block,SpatialRF,3000,0.547,0.0276435226005259,629.029734580054,1.71171450614929
NS-IBTS,Melanogrammus aeglefinus,common,east,block,BRT,3000,0.547,0.118337163351174,629.029734580054,0.337796211242676
NS-IBTS,Melanogrammus aeglefinus,common,east,block,MaxEntPO,3000,0.547,0.243657938077627,629.029734580054,0.245846033096314
NS-IBTS,Melanogrammus aeglefinus,common,east,block,SpatialGAM,3000,0.547,0.100885005813955,629.029734580054,2.44200134277344
NS-IBTS,Melanogrammus aeglefinus,common,east,block,GeostatGP,3000,0.547,0.10205867681096,629.029734580054,2.89485645294189
NS-IBTS,Melanogrammus aeglefinus,common,east,extent,RF,3000,0.677333333333333,0.0417007431237757,629.029734580054,0.72496223449707
NS-IBTS,Melanogrammus aeglefinus,common,east,extent,SpatialRF,3000,0.677333333333333,0.0136053321715029,629.029734580054,1.36628866195679
NS-IBTS,Melanogrammus aeglefinus,common,east,extent,BRT,3000,0.677333333333333,0.0609565648778388,629.029734580054,0.307189464569092
NS-IBTS,Melanogrammus aeglefinus,common,east,extent,MaxEntPO,3000,0.677333333333333,0.200044876757837,629.029734580054,0.019296407699585
NS-IBTS,Melanogrammus aeglefinus,common,east,extent,SpatialGAM,3000,0.677333333333333,0.0630476312572302,629.029734580054,2.98992371559143
NS-IBTS,Melanogrammus aeglefinus,common,east,extent,GeostatGP,3000,0.677333333333333,0.0633761012077741,629.029734580054,2.56332230567932
NS-IBTS,Melanogrammus aeglefinus,common,west,block,RF,3000,0.973666666666667,0.0119786029809721,629.029734580054,0.512436866760254
NS-IBTS,Melanogrammus aeglefinus,common,west,block,SpatialRF,3000,0.973666666666667,0.00391650388172945,629.029734580054,0.969130277633667
NS-IBTS,Melanogrammus aeglefinus,common,west,block,BRT,3000,0.973666666666667,0.0150859929523094,629.029734580054,0.276609182357788
NS-IBTS,Melanogrammus aeglefinus,common,west,block,MaxEntPO,3000,0.973666666666667,0.147477140584524,629.029734580054,0.0134212970733643
NS-IBTS,Melanogrammus aeglefinus,common,west,block,SpatialGAM,3000,0.973666666666667,0.016717345758724,629.029734580054,2.51967167854309
NS-IBTS,Melanogrammus aeglefinus,common,west,block,GeostatGP,3000,0.973666666666667,0.0169022448565292,629.029734580054,2.32874131202698
NS-IBTS,Melanogrammus aeglefinus,common,west,extent,RF,3000,0.572333333333333,0.0687525201191237,629.029734580054,0.790341854095459
NS-IBTS,Melanogrammus aeglefinus,common,west,extent,SpatialRF,3000,0.572333333333333,0.0199262251414206,629.029734580054,1.57742309570313
NS-IBTS,Melanogrammus aeglefinus,common,west,extent,BRT,3000,0.572333333333333,0.0955519872575085,629.029734580054,0.314083099365234
NS-IBTS,Melanogrammus aeglefinus,common,west,extent,MaxEntPO,3000,0.572333333333333,0.205565486660852,629.029734580054,0.0147371292114258
NS-IBTS,Melanogrammus aeglefinus,common,west,extent,SpatialGAM,3000,0.572333333333333,0.0840091127306207,629.029734580054,2.45429134368897
NS-IBTS,Melanogrammus aeglefinus,common,west,extent,GeostatGP,3000,0.572333333333333,0.084914095657538,629.029734580054,2.37436461448669
NS-IBTS,Melanogrammus aeglefinus,common,north,block,RF,3000,0.985333333333333,0.00641730631654312,629.029734580054,0.470380783081055
NS-IBTS,Melanogrammus aeglefinus,common,north,block,SpatialRF,3000,0.985333333333333,0.00337445861347129,629.029734580054,0.809966087341309
NS-IBTS,Melanogrammus aeglefinus,common,north,block,BRT,3000,0.985333333333333,0.00663078859305418,629.029734580054,0.266846656799316
NS-IBTS,Melanogrammus aeglefinus,common,north,block,MaxEntPO,3000,0.985333333333333,0.14277333051844,629.029734580054,0.0135273933410645
NS-IBTS,Melanogrammus aeglefinus,common,north,block,SpatialGAM,3000,0.985333333333333,0.0126938526753405,629.029734580054,2.14733052253723
NS-IBTS,Melanogrammus aeglefinus,common,north,block,GeostatGP,3000,0.985333333333333,0.012782069364314,629.029734580054,2.40498614311218
NS-IBTS,Melanogrammus aeglefinus,common,north,extent,RF,3000,0.574666666666667,0.0706359768968562,629.029734580054,0.814690828323364
NS-IBTS,Melanogrammus aeglefinus,common,north,extent,SpatialRF,3000,0.574666666666667,0.0203332651030811,629.029734580054,1.5610830783844
NS-IBTS,Melanogrammus aeglefinus,common,north,extent,BRT,3000,0.574666666666667,0.100141326260036,629.029734580054,0.312050342559814
NS-IBTS,Melanogrammus aeglefinus,common,north,extent,MaxEntPO,3000,0.574666666666667,0.227792854564183,629.029734580054,0.0136210918426514
NS-IBTS,Melanogrammus aeglefinus,common,north,extent,SpatialGAM,3000,0.574666666666667,0.0871206192340408,629.029734580054,2.5505313873291
NS-IBTS,Melanogrammus aeglefinus,common,north,extent,GeostatGP,3000,0.574666666666667,0.0884408088677898,629.029734580054,2.57481598854065
NS-IBTS,Melanogrammus aeglefinus,common,south,block,RF,3000,0.091,0.0360068493419296,629.029734580054,0.711930751800537
NS-IBTS,Melanogrammus aeglefinus,common,south,block,SpatialRF,3000,0.091,0.013867004862677,629.029734580054,1.48096966743469
NS-IBTS,Melanogrammus aeglefinus,common,south,block,BRT,3000,0.091,0.0489826234643663,629.029734580054,0.287725925445557
NS-IBTS,Melanogrammus aeglefinus,common,south,block,MaxEntPO,3000,0.091,0.0785813437046246,629.029734580054,0.0113801956176758
NS-IBTS,Melanogrammus aeglefinus,common,south,block,SpatialGAM,3000,0.091,0.0653751407099046,629.029734580054,2.06653881072998
NS-IBTS,Melanogrammus aeglefinus,common,south,block,GeostatGP,3000,0.091,0.0657072898117601,629.029734580054,2.50545811653137
NS-IBTS,Melanogrammus aeglefinus,common,south,extent,RF,3000,0.811666666666667,0.0442346206309273,629.029734580054,0.727898597717285
NS-IBTS,Melanogrammus aeglefinus,common,south,extent,SpatialRF,3000,0.811666666666667,0.0165045149122688,629.029734580054,1.3928701877594
NS-IBTS,Melanogrammus aeglefinus,common,south,extent,BRT,3000,0.811666666666667,0.0668632802040813,629.029734580054,0.294932842254639
NS-IBTS,Melanogrammus aeglefinus,common,south,extent,MaxEntPO,3000,0.811666666666667,0.20380701119279,629.029734580054,0.0154438018798828
NS-IBTS,Melanogrammus aeglefinus,common,south,extent,SpatialGAM,3000,0.811666666666667,0.0689150026608064,629.029734580054,2.60655379295349
NS-IBTS,Melanogrammus aeglefinus,common,south,extent,GeostatGP,3000,0.811666666666667,0.0700039704161062,629.029734580054,2.71708130836487
NS-IBTS,Sprattus sprattus,common,east,block,RF,3000,0.696,0.101651329640935,506.080078340637,0.915918827056885
NS-IBTS,Sprattus sprattus,common,east,block,SpatialRF,3000,0.696,0.0403693641030569,506.080078340637,1.98026275634766
NS-IBTS,Sprattus sprattus,common,east,block,BRT,3000,0.696,0.141277544937531,506.080078340637,0.317049503326416
NS-IBTS,Sprattus sprattus,common,east,block,MaxEntPO,3000,0.696,0.212937258479336,506.080078340637,0.0144050121307373
NS-IBTS,Sprattus sprattus,common,east,block,SpatialGAM,3000,0.696,0.150291375244269,506.080078340637,3.73381662368774
NS-IBTS,Sprattus sprattus,common,east,block,GeostatGP,3000,0.696,0.157555953066017,506.080078340637,2.727534532547
NS-IBTS,Sprattus sprattus,common,east,extent,RF,3000,0.488666666666667,0.0931287044141969,506.080078340637,0.930298328399658
NS-IBTS,Sprattus sprattus,common,east,extent,SpatialRF,3000,0.488666666666667,0.0297427138792686,506.080078340637,2.01444935798645
NS-IBTS,Sprattus sprattus,common,east,extent,BRT,3000,0.488666666666667,0.143021394991182,506.080078340637,0.31787896156311
NS-IBTS,Sprattus sprattus,common,east,extent,MaxEntPO,3000,0.488666666666667,0.189501944973895,506.080078340637,0.0147106647491455
NS-IBTS,Sprattus sprattus,common,east,extent,SpatialGAM,3000,0.488666666666667,0.123381468790577,506.080078340637,2.50486040115356
NS-IBTS,Sprattus sprattus,common,east,extent,GeostatGP,3000,0.488666666666667,0.124619014668587,506.080078340637,2.85703325271606
NS-IBTS,Sprattus sprattus,common,west,block,RF,3000,0.484666666666667,0.105262122063484,506.080078340637,0.925500154495239
NS-IBTS,Sprattus sprattus,common,west,block,SpatialRF,3000,0.484666666666667,0.0353027001596389,506.080078340637,2.05472159385681
NS-IBTS,Sprattus sprattus,common,west,block,BRT,3000,0.484666666666667,0.15439400410768,506.080078340637,0.307293653488159
NS-IBTS,Sprattus sprattus,common,west,block,MaxEntPO,3000,0.484666666666667,0.196900107227698,506.080078340637,0.0131015777587891
NS-IBTS,Sprattus sprattus,common,west,block,SpatialGAM,3000,0.484666666666667,0.15272269138316,506.080078340637,2.07291913032532
NS-IBTS,Sprattus sprattus,common,west,block,GeostatGP,3000,0.484666666666667,0.154082066191612,506.080078340637,2.66389894485474
NS-IBTS,Sprattus sprattus,common,west,extent,RF,3000,0.539666666666667,0.0868110527851596,506.080078340637,0.904366731643677
NS-IBTS,Sprattus sprattus,common,west,extent,SpatialRF,3000,0.539666666666667,0.027197310567153,506.080078340637,1.93389582633972
NS-IBTS,Sprattus sprattus,common,west,extent,BRT,3000,0.539666666666667,0.131296968269649,506.080078340637,0.320565938949585
NS-IBTS,Sprattus sprattus,common,west,extent,MaxEntPO,3000,0.539666666666667,0.204972594715346,506.080078340637,0.0136089324951172
NS-IBTS,Sprattus sprattus,common,west,extent,SpatialGAM,3000,0.539666666666667,0.122635489716583,506.080078340637,2.2789900302887
NS-IBTS,Sprattus sprattus,common,west,extent,GeostatGP,3000,0.539666666666667,0.1235376817312,506.080078340637,2.93457722663879
NS-IBTS,Sprattus sprattus,common,north,block,RF,3000,0.0973333333333333,0.0363536049665029,506.080078340637,0.699126482009888
NS-IBTS,Sprattus sprattus,common,north,block,SpatialRF,3000,0.0973333333333333,0.0136379413065068,506.080078340637,1.28079342842102
NS-IBTS,Sprattus sprattus,common,north,block,BRT,3000,0.0973333333333333,0.053442340301295,506.080078340637,0.295178413391113
NS-IBTS,Sprattus sprattus,common,north,block,MaxEntPO,3000,0.0973333333333333,0.0843949611925438,506.080078340637,0.0115563869476318
NS-IBTS,Sprattus sprattus,common,north,block,SpatialGAM,3000,0.0973333333333333,0.0533668555114635,506.080078340637,2.1674120426178
NS-IBTS,Sprattus sprattus,common,north,block,GeostatGP,3000,0.0973333333333333,0.0542258932116998,506.080078340637,2.52139759063721
NS-IBTS,Sprattus sprattus,common,north,extent,RF,3000,0.643666666666667,0.107194774219083,506.080078340637,1.00247859954834
NS-IBTS,Sprattus sprattus,common,north,extent,SpatialRF,3000,0.643666666666667,0.0342883287128144,506.080078340637,2.19448852539063
NS-IBTS,Sprattus sprattus,common,north,extent,BRT,3000,0.643666666666667,0.161369057341488,506.080078340637,0.330158948898315
NS-IBTS,Sprattus sprattus,common,north,extent,MaxEntPO,3000,0.643666666666667,0.233638092642087,506.080078340637,0.0199606418609619
NS-IBTS,Sprattus sprattus,common,north,extent,SpatialGAM,3000,0.643666666666667,0.145688876398127,506.080078340637,1.88008213043213
NS-IBTS,Sprattus sprattus,common,north,extent,GeostatGP,3000,0.643666666666667,0.146519444157058,506.080078340637,2.41540169715881
NS-IBTS,Sprattus sprattus,common,south,block,RF,3000,0.876,0.077241284948079,506.080078340637,0.767231702804565
NS-IBTS,Sprattus sprattus,common,south,block,SpatialRF,3000,0.876,0.0265058374579315,506.080078340637,1.90311598777771
NS-IBTS,Sprattus sprattus,common,south,block,BRT,3000,0.876,0.0962266585258429,506.080078340637,0.30544114112854
NS-IBTS,Sprattus sprattus,common,south,block,MaxEntPO,3000,0.876,0.169302144405921,506.080078340637,0.0132355690002441
NS-IBTS,Sprattus sprattus,common,south,block,SpatialGAM,3000,0.876,0.102604104292547,506.080078340637,1.21151781082153
NS-IBTS,Sprattus sprattus,common,south,block,GeostatGP,3000,0.876,0.104099592631437,506.080078340637,2.55597543716431
NS-IBTS,Sprattus sprattus,common,south,extent,RF,3000,0.445,0.0946359954314347,506.080078340637,0.935582399368286
NS-IBTS,Sprattus sprattus,common,south,extent,SpatialRF,3000,0.445,0.0316591998754762,506.080078340637,1.90744638442993
NS-IBTS,Sprattus sprattus,common,south,extent,BRT,3000,0.445,0.146222462094966,506.080078340637,0.318601131439209
NS-IBTS,Sprattus sprattus,common,south,extent,MaxEntPO,3000,0.445,0.195627634536718,506.080078340637,0.0138113498687744
NS-IBTS,Sprattus sprattus,common,south,extent,SpatialGAM,3000,0.445,0.134835197833806,506.080078340637,1.78353881835938
NS-IBTS,Sprattus sprattus,common,south,extent,GeostatGP,3000,0.445,0.135248970334132,506.080078340637,2.73192429542542
NS-IBTS,Callionymus lyra,common,east,block,RF,3000,0.354666666666667,0.1282772373448,624.926356941214,1.03434920310974
NS-IBTS,Callionymus lyra,common,east,block,SpatialRF,3000,0.354666666666667,0.0440304184406759,624.926356941214,2.3200376033783
NS-IBTS,Callionymus lyra,common,east,block,BRT,3000,0.354666666666667,0.172045903709895,624.926356941214,0.31943941116333
NS-IBTS,Callionymus lyra,common,east,block,MaxEntPO,3000,0.354666666666667,0.268102019680772,624.926356941214,0.0124166011810303
NS-IBTS,Callionymus lyra,common,east,block,SpatialGAM,3000,0.354666666666667,0.18032045234959,624.926356941214,3.52421355247498
NS-IBTS,Callionymus lyra,common,east,block,GeostatGP,3000,0.354666666666667,0.183092830542695,624.926356941214,2.47361898422241
NS-IBTS,Callionymus lyra,common,east,extent,RF,3000,0.340333333333333,0.116719091803336,624.926356941214,0.973809480667114
NS-IBTS,Callionymus lyra,common,east,extent,SpatialRF,3000,0.340333333333333,0.0409466959855615,624.926356941214,2.32193517684937
NS-IBTS,Callionymus lyra,common,east,extent,BRT,3000,0.340333333333333,0.175625510222545,624.926356941214,0.308487415313721
NS-IBTS,Callionymus lyra,common,east,extent,MaxEntPO,3000,0.340333333333333,0.208103692297868,624.926356941214,0.01279616355896
NS-IBTS,Callionymus lyra,common,east,extent,SpatialGAM,3000,0.340333333333333,0.176095517468914,624.926356941214,2.05093502998352
NS-IBTS,Callionymus lyra,common,east,extent,GeostatGP,3000,0.340333333333333,0.176875723445437,624.926356941214,2.63228368759155
NS-IBTS,Callionymus lyra,common,west,block,RF,3000,0.384333333333333,0.131628956467104,624.926356941214,0.97791051864624
NS-IBTS,Callionymus lyra,common,west,block,SpatialRF,3000,0.384333333333333,0.0508191511369697,624.926356941214,2.48603749275208
NS-IBTS,Callionymus lyra,common,west,block,BRT,3000,0.384333333333333,0.190719786558719,624.926356941214,0.330297231674194
NS-IBTS,Callionymus lyra,common,west,block,MaxEntPO,3000,0.384333333333333,0.221002615947228,624.926356941214,0.0120682716369629
NS-IBTS,Callionymus lyra,common,west,block,SpatialGAM,3000,0.384333333333333,0.206090106035075,624.926356941214,1.71007251739502
NS-IBTS,Callionymus lyra,common,west,block,GeostatGP,3000,0.384333333333333,0.206916913398614,624.926356941214,2.89755630493164
NS-IBTS,Callionymus lyra,common,west,extent,RF,3000,0.324,0.108620562192792,624.926356941214,0.907095432281494
NS-IBTS,Callionymus lyra,common,west,extent,SpatialRF,3000,0.324,0.0412407123715822,624.926356941214,2.20778870582581
NS-IBTS,Callionymus lyra,common,west,extent,BRT,3000,0.324,0.159871870315416,624.926356941214,0.33550238609314
NS-IBTS,Callionymus lyra,common,west,extent,MaxEntPO,3000,0.324,0.207202353011267,624.926356941214,0.0137169361114502
NS-IBTS,Callionymus lyra,common,west,extent,SpatialGAM,3000,0.324,0.167790971036495,624.926356941214,2.18535971641541
NS-IBTS,Callionymus lyra,common,west,extent,GeostatGP,3000,0.324,0.169738864520068,624.926356941214,2.92662310600281
NS-IBTS,Callionymus lyra,common,north,block,RF,3000,0.176666666666667,0.0798078831720609,624.926356941214,0.990722894668579
NS-IBTS,Callionymus lyra,common,north,block,SpatialRF,3000,0.176666666666667,0.0337370406137722,624.926356941214,2.03786492347717
NS-IBTS,Callionymus lyra,common,north,block,BRT,3000,0.176666666666667,0.113735095309364,624.926356941214,0.292025089263916
NS-IBTS,Callionymus lyra,common,north,block,MaxEntPO,3000,0.176666666666667,0.141953730158301,624.926356941214,0.0110526084899902
NS-IBTS,Callionymus lyra,common,north,block,SpatialGAM,3000,0.176666666666667,0.126451050982581,624.926356941214,1.00387406349182
NS-IBTS,Callionymus lyra,common,north,block,GeostatGP,3000,0.176666666666667,0.126552734323678,624.926356941214,2.79570364952087
NS-IBTS,Callionymus lyra,common,north,extent,RF,3000,0.388,0.132164150042455,624.926356941214,1.01535606384277
NS-IBTS,Callionymus lyra,common,north,extent,SpatialRF,3000,0.388,0.045250083630974,624.926356941214,2.42940187454224
NS-IBTS,Callionymus lyra,common,north,extent,BRT,3000,0.388,0.192979391545553,624.926356941214,0.310749292373657
NS-IBTS,Callionymus lyra,common,north,extent,MaxEntPO,3000,0.388,0.246222968308173,624.926356941214,0.0331776142120361
NS-IBTS,Callionymus lyra,common,north,extent,SpatialGAM,3000,0.388,0.195903434819111,624.926356941214,1.6316442489624
NS-IBTS,Callionymus lyra,common,north,extent,GeostatGP,3000,0.388,0.19782270476515,624.926356941214,2.95081973075867
NS-IBTS,Callionymus lyra,common,south,block,RF,3000,0.513666666666667,0.155376402355717,624.926356941214,0.922600746154785
NS-IBTS,Callionymus lyra,common,south,block,SpatialRF,3000,0.513666666666667,0.0530150397678845,624.926356941214,2.71234893798828
NS-IBTS,Callionymus lyra,common,south,block,BRT,3000,0.513666666666667,0.198700481200757,624.926356941214,0.31044340133667
NS-IBTS,Callionymus lyra,common,south,block,MaxEntPO,3000,0.513666666666667,0.243449275019564,624.926356941214,0.0127387046813965
NS-IBTS,Callionymus lyra,common,south,block,SpatialGAM,3000,0.513666666666667,0.229146498130147,624.926356941214,1.93866872787476
NS-IBTS,Callionymus lyra,common,south,block,GeostatGP,3000,0.513666666666667,0.231371944264349,624.926356941214,2.51743769645691
NS-IBTS,Callionymus lyra,common,south,extent,RF,3000,0.281666666666667,0.106200902280852,624.926356941214,1.04385018348694
NS-IBTS,Callionymus lyra,common,south,extent,SpatialRF,3000,0.281666666666667,0.0376194381099695,624.926356941214,2.35395956039429
NS-IBTS,Callionymus lyra,common,south,extent,BRT,3000,0.281666666666667,0.161496071244817,624.926356941214,0.313261270523071
NS-IBTS,Callionymus lyra,common,south,extent,MaxEntPO,3000,0.281666666666667,0.209669789709362,624.926356941214,0.0122776031494141
NS-IBTS,Callionymus lyra,common,south,extent,SpatialGAM,3000,0.281666666666667,0.159079200545665,624.926356941214,2.63015151023865
NS-IBTS,Callionymus lyra,common,south,extent,GeostatGP,3000,0.281666666666667,0.161543597560159,624.926356941214,2.5795726776123
NS-IBTS,Amblyraja radiata,common,east,block,RF,3000,0.208666666666667,0.0663535755251844,286.34332939411,0.896660327911377
NS-IBTS,Amblyraja radiata,common,east,block,SpatialRF,3000,0.208666666666667,0.0281640533458203,286.34332939411,1.60152411460876
NS-IBTS,Amblyraja radiata,common,east,block,BRT,3000,0.208666666666667,0.101626240676424,286.34332939411,0.310474634170532
NS-IBTS,Amblyraja radiata,common,east,block,MaxEntPO,3000,0.208666666666667,0.132343147194692,286.34332939411,0.0121505260467529
NS-IBTS,Amblyraja radiata,common,east,block,SpatialGAM,3000,0.208666666666667,0.106578095529216,286.34332939411,1.99468040466309
NS-IBTS,Amblyraja radiata,common,east,block,GeostatGP,3000,0.208666666666667,0.108397388599258,286.34332939411,2.37572383880615
NS-IBTS,Amblyraja radiata,common,east,extent,RF,3000,0.314666666666667,0.102891412876078,286.34332939411,0.958981990814209
NS-IBTS,Amblyraja radiata,common,east,extent,SpatialRF,3000,0.314666666666667,0.0370539606323736,286.34332939411,2.14124631881714
NS-IBTS,Amblyraja radiata,common,east,extent,BRT,3000,0.314666666666667,0.158176725171281,286.34332939411,0.319101333618164
NS-IBTS,Amblyraja radiata,common,east,extent,MaxEntPO,3000,0.314666666666667,0.210658752892404,286.34332939411,0.0228121280670166
NS-IBTS,Amblyraja radiata,common,east,extent,SpatialGAM,3000,0.314666666666667,0.15916516059903,286.34332939411,2.11708235740662
NS-IBTS,Amblyraja radiata,common,east,extent,GeostatGP,3000,0.314666666666667,0.160603064159406,286.34332939411,2.82485866546631
NS-IBTS,Amblyraja radiata,common,west,block,RF,3000,0.285,0.115923085161872,286.34332939411,1.00720858573914
NS-IBTS,Amblyraja radiata,common,west,block,SpatialRF,3000,0.285,0.0388454678207073,286.34332939411,2.12837910652161
NS-IBTS,Amblyraja radiata,common,west,block,BRT,3000,0.285,0.166687264884121,286.34332939411,0.303389549255371
NS-IBTS,Amblyraja radiata,common,west,block,MaxEntPO,3000,0.285,0.291975286125158,286.34332939411,0.0122458934783936
NS-IBTS,Amblyraja radiata,common,west,block,SpatialGAM,3000,0.285,0.172137365401974,286.34332939411,1.83431458473206
NS-IBTS,Amblyraja radiata,common,west,block,GeostatGP,3000,0.285,0.173729466862401,286.34332939411,2.67553853988647
NS-IBTS,Amblyraja radiata,common,west,extent,RF,3000,0.299333333333333,0.0905991168705147,286.34332939411,1.01274967193604
NS-IBTS,Amblyraja radiata,common,west,extent,SpatialRF,3000,0.299333333333333,0.0340464785525445,286.34332939411,2.03595781326294
NS-IBTS,Amblyraja radiata,common,west,extent,BRT,3000,0.299333333333333,0.137912381927505,286.34332939411,0.325125932693481
NS-IBTS,Amblyraja radiata,common,west,extent,MaxEntPO,3000,0.299333333333333,0.185505684136267,286.34332939411,0.0120849609375
NS-IBTS,Amblyraja radiata,common,west,extent,SpatialGAM,3000,0.299333333333333,0.142190328120086,286.34332939411,1.67266201972961
NS-IBTS,Amblyraja radiata,common,west,extent,GeostatGP,3000,0.299333333333333,0.144416956205322,286.34332939411,2.97137403488159
NS-IBTS,Amblyraja radiata,common,north,block,RF,3000,0.358333333333333,0.135233559005895,286.34332939411,1.07235765457153
NS-IBTS,Amblyraja radiata,common,north,block,SpatialRF,3000,0.358333333333333,0.0476177942381412,286.34332939411,2.46757078170776
NS-IBTS,Amblyraja radiata,common,north,block,BRT,3000,0.358333333333333,0.189495598607396,286.34332939411,0.307903528213501
NS-IBTS,Amblyraja radiata,common,north,block,MaxEntPO,3000,0.358333333333333,0.290479075974674,286.34332939411,0.0114998817443848
NS-IBTS,Amblyraja radiata,common,north,block,SpatialGAM,3000,0.358333333333333,0.200165102097973,286.34332939411,1.80527830123901
NS-IBTS,Amblyraja radiata,common,north,block,GeostatGP,3000,0.358333333333333,0.201872868605167,286.34332939411,2.61768865585327
NS-IBTS,Amblyraja radiata,common,north,extent,RF,3000,0.269666666666667,0.0935963628996442,286.34332939411,0.908267498016357
NS-IBTS,Amblyraja radiata,common,north,extent,SpatialRF,3000,0.269666666666667,0.0296839683440546,286.34332939411,1.91081714630127
NS-IBTS,Amblyraja radiata,common,north,extent,BRT,3000,0.269666666666667,0.137842590387809,286.34332939411,0.303135633468628
NS-IBTS,Amblyraja radiata,common,north,extent,MaxEntPO,3000,0.269666666666667,0.172934690005221,286.34332939411,0.0122952461242676
NS-IBTS,Amblyraja radiata,common,north,extent,SpatialGAM,3000,0.269666666666667,0.133277553160662,286.34332939411,2.13121223449707
NS-IBTS,Amblyraja radiata,common,north,extent,GeostatGP,3000,0.269666666666667,0.134720725526162,286.34332939411,2.59071803092957
NS-IBTS,Amblyraja radiata,common,south,block,RF,3000,0.0256666666666667,0.0154689570720036,286.34332939411,0.564918756484985
NS-IBTS,Amblyraja radiata,common,south,block,SpatialRF,3000,0.0256666666666667,0.00564578021140668,286.34332939411,1.06142473220825
NS-IBTS,Amblyraja radiata,common,south,block,BRT,3000,0.0256666666666667,0.0187444448233404,286.34332939411,0.276606321334839
NS-IBTS,Amblyraja radiata,common,south,block,MaxEntPO,3000,0.0256666666666667,0.0343529483824374,286.34332939411,0.010507345199585
NS-IBTS,Amblyraja radiata,common,south,block,SpatialGAM,3000,0.0256666666666667,0.0224579901530031,286.34332939411,2.11974549293518
NS-IBTS,Amblyraja radiata,common,south,block,GeostatGP,3000,0.0256666666666667,0.0224403011428899,286.34332939411,2.53157782554626
NS-IBTS,Amblyraja radiata,common,south,extent,RF,3000,0.351333333333333,0.115981412474418,286.34332939411,0.98173713684082
NS-IBTS,Amblyraja radiata,common,south,extent,SpatialRF,3000,0.351333333333333,0.0382157355371892,286.34332939411,2.35051226615906
NS-IBTS,Amblyraja radiata,common,south,extent,BRT,3000,0.351333333333333,0.17351842319005,286.34332939411,0.307326316833496
NS-IBTS,Amblyraja radiata,common,south,extent,MaxEntPO,3000,0.351333333333333,0.258873573209438,286.34332939411,0.0115838050842285
NS-IBTS,Amblyraja radiata,common,south,extent,SpatialGAM,3000,0.351333333333333,0.174859946226106,286.34332939411,2.25327253341675
NS-IBTS,Amblyraja radiata,common,south,extent,GeostatGP,3000,0.351333333333333,0.177485503192003,286.34332939411,2.41817188262939
GMEX,Etrumeus sadina,rare,east,block,RF,3000,0.022,0.00589604552592477,649.957940321762,0.849652051925659
GMEX,Etrumeus sadina,rare,east,block,SpatialRF,3000,0.022,0.00519698928220152,649.957940321762,1.0889356136322
GMEX,Etrumeus sadina,rare,east,block,BRT,3000,0.022,0.00888495265198638,649.957940321762,0.454369306564331
GMEX,Etrumeus sadina,rare,east,block,MaxEntPO,3000,0.022,0.279673538602957,649.957940321762,0.0120518207550049
GMEX,Etrumeus sadina,rare,east,block,SpatialGAM,3000,0.022,0.0208778460899244,649.957940321762,3.46699738502502
GMEX,Etrumeus sadina,rare,east,block,GeostatGP,3000,0.022,0.0207149279266697,649.957940321762,2.92340517044067
GMEX,Etrumeus sadina,rare,east,extent,RF,3000,0.06,0.0161591257916444,649.957940321762,0.987831354141235
GMEX,Etrumeus sadina,rare,east,extent,SpatialRF,3000,0.06,0.0122930283293333,649.957940321762,1.56877255439758
GMEX,Etrumeus sadina,rare,east,extent,BRT,3000,0.06,0.0362730063936677,649.957940321762,0.464867830276489
GMEX,Etrumeus sadina,rare,east,extent,MaxEntPO,3000,0.06,0.0780964394797587,649.957940321762,0.0125010013580322
GMEX,Etrumeus sadina,rare,east,extent,SpatialGAM,3000,0.06,0.054101520669174,649.957940321762,2.85127091407776
GMEX,Etrumeus sadina,rare,east,extent,GeostatGP,3000,0.06,0.0540290726703503,649.957940321762,2.93936848640442
GMEX,Etrumeus sadina,rare,west,block,RF,3000,0.0706666666666667,0.015449760047131,649.957940321762,0.86339259147644
GMEX,Etrumeus sadina,rare,west,block,SpatialRF,3000,0.0706666666666667,0.012842439365908,649.957940321762,1.48752784729004
GMEX,Etrumeus sadina,rare,west,block,BRT,3000,0.0706666666666667,0.0359533149285746,649.957940321762,0.463320970535278
GMEX,Etrumeus sadina,rare,west,block,MaxEntPO,3000,0.0706666666666667,0.0647918426886347,649.957940321762,0.0140659809112549
GMEX,Etrumeus sadina,rare,west,block,SpatialGAM,3000,0.0706666666666667,0.0574658316387679,649.957940321762,3.42465019226074
GMEX,Etrumeus sadina,rare,west,block,GeostatGP,3000,0.0706666666666667,0.05733409962071,649.957940321762,2.93845915794373
GMEX,Etrumeus sadina,rare,west,extent,RF,3000,0.0476666666666667,0.0130799399828235,649.957940321762,0.882720708847046
GMEX,Etrumeus sadina,rare,west,extent,SpatialRF,3000,0.0476666666666667,0.0102611889886412,649.957940321762,1.46435379981995
GMEX,Etrumeus sadina,rare,west,extent,BRT,3000,0.0476666666666667,0.0270683042607664,649.957940321762,0.455040454864502
GMEX,Etrumeus sadina,rare,west,extent,MaxEntPO,3000,0.0476666666666667,0.0527023475404636,649.957940321762,0.0137343406677246
GMEX,Etrumeus sadina,rare,west,extent,SpatialGAM,3000,0.0476666666666667,0.0435783691969812,649.957940321762,4.46966195106506
GMEX,Etrumeus sadina,rare,west,extent,GeostatGP,3000,0.0476666666666667,0.0435575316603435,649.957940321762,2.8210871219635
GMEX,Etrumeus sadina,rare,north,block,RF,3000,0.0566666666666667,0.0163722602896059,649.957940321762,0.940107345581055
GMEX,Etrumeus sadina,rare,north,block,SpatialRF,3000,0.0566666666666667,0.0114430809845518,649.957940321762,1.51775574684143
GMEX,Etrumeus sadina,rare,north,block,BRT,3000,0.0566666666666667,0.0334432741221297,649.957940321762,0.464420795440674
GMEX,Etrumeus sadina,rare,north,block,MaxEntPO,3000,0.0566666666666667,0.095309716049577,649.957940321762,0.0137736797332764
GMEX,Etrumeus sadina,rare,north,block,SpatialGAM,3000,0.0566666666666667,0.0509172667942096,649.957940321762,3.3803927898407
GMEX,Etrumeus sadina,rare,north,block,GeostatGP,3000,0.0566666666666667,0.0511524540746095,649.957940321762,3.01845812797546
GMEX,Etrumeus sadina,rare,north,extent,RF,3000,0.0426666666666667,0.0118217879816472,649.957940321762,0.819275379180908
GMEX,Etrumeus sadina,rare,north,extent,SpatialRF,3000,0.0426666666666667,0.00898043301387637,649.957940321762,1.33220291137695
GMEX,Etrumeus sadina,rare,north,extent,BRT,3000,0.0426666666666667,0.0235083909628417,649.957940321762,0.437212228775024
GMEX,Etrumeus sadina,rare,north,extent,MaxEntPO,3000,0.0426666666666667,0.0529895058345166,649.957940321762,0.0126912593841553
GMEX,Etrumeus sadina,rare,north,extent,SpatialGAM,3000,0.0426666666666667,0.0387460046705075,649.957940321762,2.81887412071228
GMEX,Etrumeus sadina,rare,north,extent,GeostatGP,3000,0.0426666666666667,0.0385694470523824,649.957940321762,2.75956344604492
GMEX,Etrumeus sadina,rare,south,block,RF,3000,0.052,0.0132814992722407,649.957940321762,0.879237174987793
GMEX,Etrumeus sadina,rare,south,block,SpatialRF,3000,0.052,0.0100902479190195,649.957940321762,1.3031530380249
GMEX,Etrumeus sadina,rare,south,block,BRT,3000,0.052,0.0269324722394542,649.957940321762,0.437519788742065
GMEX,Etrumeus sadina,rare,south,block,MaxEntPO,3000,0.052,0.0746889746485101,649.957940321762,0.014178991317749
GMEX,Etrumeus sadina,rare,south,block,SpatialGAM,3000,0.052,0.0433439753970724,649.957940321762,2.31725764274597
GMEX,Etrumeus sadina,rare,south,block,GeostatGP,3000,0.052,0.0432709104674584,649.957940321762,2.12420606613159
GMEX,Etrumeus sadina,rare,south,extent,RF,3000,0.0376666666666667,0.00985440234329988,649.957940321762,0.709049701690674
GMEX,Etrumeus sadina,rare,south,extent,SpatialRF,3000,0.0376666666666667,0.00808935443652163,649.957940321762,1.22067499160767
GMEX,Etrumeus sadina,rare,south,extent,BRT,3000,0.0376666666666667,0.0195955845068157,649.957940321762,0.449979066848755
GMEX,Etrumeus sadina,rare,south,extent,MaxEntPO,3000,0.0376666666666667,0.0548105054095844,649.957940321762,0.0122592449188232
GMEX,Etrumeus sadina,rare,south,extent,SpatialGAM,3000,0.0376666666666667,0.0340815759020143,649.957940321762,5.5966386795044
GMEX,Etrumeus sadina,rare,south,extent,GeostatGP,3000,0.0376666666666667,0.0340791290671692,649.957940321762,2.53412294387817
GMEX,Urophycis cirrata,rare,east,block,RF,3000,0.00433333333333333,0.00128155204552568,135773.89623304,0.431599617004395
GMEX,Urophycis cirrata,rare,east,block,SpatialRF,3000,0.00433333333333333,0.000951759595248445,135773.89623304,0.541236639022827
GMEX,Urophycis cirrata,rare,east,block,BRT,3000,0.00433333333333333,0.000278866976377188,135773.89623304,0.426631450653076
GMEX,Urophycis cirrata,rare,east,block,MaxEntPO,3000,0.00433333333333333,0.371404687058485,135773.89623304,0.0125732421875
GMEX,Urophycis cirrata,rare,east,block,SpatialGAM,3000,0.00433333333333333,0.00410362888286794,135773.89623304,3.26718497276306
GMEX,Urophycis cirrata,rare,east,block,GeostatGP,3000,0.00433333333333333,0.00406712704827551,135773.89623304,2.43770289421082
GMEX,Urophycis cirrata,rare,east,extent,RF,3000,0.0413333333333333,0.00943558913253393,135773.89623304,0.696630954742432
GMEX,Urophycis cirrata,rare,east,extent,SpatialRF,3000,0.0413333333333333,0.00703741095934389,135773.89623304,1.03485655784607
GMEX,Urophycis cirrata,rare,east,extent,BRT,3000,0.0413333333333333,0.0156439112031517,135773.89623304,0.423389673233032
GMEX,Urophycis cirrata,rare,east,extent,MaxEntPO,3000,0.0413333333333333,0.037305496555835,135773.89623304,0.0182938575744629
GMEX,Urophycis cirrata,rare,east,extent,SpatialGAM,3000,0.0413333333333333,0.029044988358442,135773.89623304,7.41890358924866
GMEX,Urophycis cirrata,rare,east,extent,GeostatGP,3000,0.0413333333333333,0.0292432084667291,135773.89623304,2.82047152519226
GMEX,Urophycis cirrata,rare,west,block,RF,3000,0.0636666666666667,0.0116192153290492,135773.89623304,0.679044485092163
GMEX,Urophycis cirrata,rare,west,block,SpatialRF,3000,0.0636666666666667,0.010345389373305,135773.89623304,1.16368055343628
GMEX,Urophycis cirrata,rare,west,block,BRT,3000,0.0636666666666667,0.0240897678081371,135773.89623304,0.42628812789917
GMEX,Urophycis cirrata,rare,west,block,MaxEntPO,3000,0.0636666666666667,0.056276595983661,135773.89623304,0.0164892673492432
GMEX,Urophycis cirrata,rare,west,block,SpatialGAM,3000,0.0636666666666667,0.04464419466664,135773.89623304,4.66732716560364
GMEX,Urophycis cirrata,rare,west,block,GeostatGP,3000,0.0636666666666667,0.0444851552406473,135773.89623304,3.02023983001709
GMEX,Urophycis cirrata,rare,west,extent,RF,3000,0.035,0.00764290407883981,135773.89623304,0.597362041473389
GMEX,Urophycis cirrata,rare,west,extent,SpatialRF,3000,0.035,0.00553450992464841,135773.89623304,1.01934599876404
GMEX,Urophycis cirrata,rare,west,extent,BRT,3000,0.035,0.011021467767755,135773.89623304,0.403953313827515
GMEX,Urophycis cirrata,rare,west,extent,MaxEntPO,3000,0.035,0.0327162205179416,135773.89623304,0.0159604549407959
GMEX,Urophycis cirrata,rare,west,extent,SpatialGAM,3000,0.035,0.023709072556841,135773.89623304,5.21380591392517
GMEX,Urophycis cirrata,rare,west,extent,GeostatGP,3000,0.035,0.0249704774619831,135773.89623304,2.8302595615387
GMEX,Urophycis cirrata,rare,north,block,RF,3000,0.00633333333333333,0.00145037749283387,135773.89623304,0.390242338180542
GMEX,Urophycis cirrata,rare,north,block,SpatialRF,3000,0.00633333333333333,0.0013104395911017,135773.89623304,0.631876945495606
GMEX,Urophycis cirrata,rare,north,block,BRT,3000,0.00633333333333333,0.000237357792595585,135773.89623304,0.40976357460022
GMEX,Urophycis cirrata,rare,north,block,MaxEntPO,3000,0.00633333333333333,0.00587576392566413,135773.89623304,0.0129435062408447
GMEX,Urophycis cirrata,rare,north,block,SpatialGAM,3000,0.00633333333333333,0.00527624728678171,135773.89623304,4.86197447776794
GMEX,Urophycis cirrata,rare,north,block,GeostatGP,3000,0.00633333333333333,0.00572399745195814,135773.89623304,2.94346213340759
GMEX,Urophycis cirrata,rare,north,extent,RF,3000,0.0416666666666667,0.00831612569672205,135773.89623304,0.641456604003906
GMEX,Urophycis cirrata,rare,north,extent,SpatialRF,3000,0.0416666666666667,0.00666681066343196,135773.89623304,1.08725738525391
GMEX,Urophycis cirrata,rare,north,extent,BRT,3000,0.0416666666666667,0.0150673016503319,135773.89623304,0.420697212219238
GMEX,Urophycis cirrata,rare,north,extent,MaxEntPO,3000,0.0416666666666667,0.0359226801472647,135773.89623304,0.015573263168335
GMEX,Urophycis cirrata,rare,north,extent,SpatialGAM,3000,0.0416666666666667,0.0297308766899729,135773.89623304,6.0924026966095
GMEX,Urophycis cirrata,rare,north,extent,GeostatGP,3000,0.0416666666666667,0.0298523245065354,135773.89623304,2.89426589012146
GMEX,Urophycis cirrata,rare,south,block,RF,3000,0.0596666666666667,0.011741347039907,135773.89623304,0.807330369949341
GMEX,Urophycis cirrata,rare,south,block,SpatialRF,3000,0.0596666666666667,0.00936101277610955,135773.89623304,1.01746916770935
GMEX,Urophycis cirrata,rare,south,block,BRT,3000,0.0596666666666667,0.0255714953598875,135773.89623304,0.432190656661987
GMEX,Urophycis cirrata,rare,south,block,MaxEntPO,3000,0.0596666666666667,0.0550755559683168,135773.89623304,0.0133647918701172
GMEX,Urophycis cirrata,rare,south,block,SpatialGAM,3000,0.0596666666666667,0.0393404357763552,135773.89623304,4.52799725532532
GMEX,Urophycis cirrata,rare,south,block,GeostatGP,3000,0.0596666666666667,0.0392926340475437,135773.89623304,2.76550388336182
GMEX,Urophycis cirrata,rare,south,extent,RF,3000,0.0333333333333333,0.00732881719947116,135773.89623304,0.582604169845581
GMEX,Urophycis cirrata,rare,south,extent,SpatialRF,3000,0.0333333333333333,0.00601216497788907,135773.89623304,1.03742456436157
GMEX,Urophycis cirrata,rare,south,extent,BRT,3000,0.0333333333333333,0.0110303508271142,135773.89623304,0.427688837051392
GMEX,Urophycis cirrata,rare,south,extent,MaxEntPO,3000,0.0333333333333333,0.0296964232987542,135773.89623304,0.0155353546142578
GMEX,Urophycis cirrata,rare,south,extent,SpatialGAM,3000,0.0333333333333333,0.0250906470084117,135773.89623304,4.06386089324951
GMEX,Urophycis cirrata,rare,south,extent,GeostatGP,3000,0.0333333333333333,0.0251673778106766,135773.89623304,2.73333382606506
GMEX,Serranus phoebe,rare,east,block,RF,3000,0.124333333333333,0.0242780117336116,397179.873817908,1.06935262680054
GMEX,Serranus phoebe,rare,east,block,SpatialRF,3000,0.124333333333333,0.0169527788080088,397179.873817908,1.52633929252625
GMEX,Serranus phoebe,rare,east,block,BRT,3000,0.124333333333333,0.0611508493092803,397179.873817908,0.459747552871704
GMEX,Serranus phoebe,rare,east,block,MaxEntPO,3000,0.124333333333333,0.112745178353332,397179.873817908,0.0146520137786865
GMEX,Serranus phoebe,rare,east,block,SpatialGAM,3000,0.124333333333333,0.0844134351339231,397179.873817908,4.94113898277283
GMEX,Serranus phoebe,rare,east,block,GeostatGP,3000,0.124333333333333,0.088582642347549,397179.873817908,3.00277471542358
GMEX,Serranus phoebe,rare,east,extent,RF,3000,0.004,0.000888134789761889,397179.873817908,0.3695228099823
GMEX,Serranus phoebe,rare,east,extent,SpatialRF,3000,0.004,0.000773647117119963,397179.873817908,0.528003692626953
GMEX,Serranus phoebe,rare,east,extent,BRT,3000,0.004,1.20019335855435e-05,397179.873817908,0.476743459701538
GMEX,Serranus phoebe,rare,east,extent,MaxEntPO,3000,0.004,0.3985194364231,397179.873817908,0.0174269676208496
GMEX,Serranus phoebe,rare,east,extent,SpatialGAM,3000,0.004,0.00376051243185185,397179.873817908,3.37483811378479
GMEX,Serranus phoebe,rare,east,extent,GeostatGP,3000,0.004,0.00377283061292134,397179.873817908,3.21189951896668
GMEX,Serranus phoebe,rare,west,block,RF,3000,0.003,0.000844603051225037,397179.873817908,0.338839054107666
GMEX,Serranus phoebe,rare,west,block,SpatialRF,3000,0.003,0.000681115069333185,397179.873817908,0.468081474304199
GMEX,Serranus phoebe,rare,west,block,BRT,3000,0.003,1.04297722281981e-05,397179.873817908,0.430607318878174
GMEX,Serranus phoebe,rare,west,block,MaxEntPO,3000,0.003,0.398783677540757,397179.873817908,0.0119650363922119
GMEX,Serranus phoebe,rare,west,block,SpatialGAM,3000,0.003,0.00296895427967157,397179.873817908,3.20381641387939
GMEX,Serranus phoebe,rare,west,block,GeostatGP,3000,0.003,0.00296399594096318,397179.873817908,2.68423843383789
GMEX,Serranus phoebe,rare,west,extent,RF,3000,0.032,0.00704776757549475,397179.873817908,0.588270425796509
GMEX,Serranus phoebe,rare,west,extent,SpatialRF,3000,0.032,0.00557990164731367,397179.873817908,0.938644409179688
GMEX,Serranus phoebe,rare,west,extent,BRT,3000,0.032,0.0115055207913472,397179.873817908,0.423926115036011
GMEX,Serranus phoebe,rare,west,extent,MaxEntPO,3000,0.032,0.0318716727777377,397179.873817908,0.0122268199920654
GMEX,Serranus phoebe,rare,west,extent,SpatialGAM,3000,0.032,0.0233044255028887,397179.873817908,2.96435809135437
GMEX,Serranus phoebe,rare,west,extent,GeostatGP,3000,0.032,0.0233223182066937,397179.873817908,2.71473288536072
GMEX,Serranus phoebe,rare,north,block,RF,3000,0.0276666666666667,0.00589753736971535,397179.873817908,0.639655828475952
GMEX,Serranus phoebe,rare,north,block,SpatialRF,3000,0.0276666666666667,0.00437312009918552,397179.873817908,0.835042238235474
GMEX,Serranus phoebe,rare,north,block,BRT,3000,0.0276666666666667,0.00835366156166723,397179.873817908,0.411773920059204
GMEX,Serranus phoebe,rare,north,block,MaxEntPO,3000,0.0276666666666667,0.0259848980527173,397179.873817908,0.0142254829406738
GMEX,Serranus phoebe,rare,north,block,SpatialGAM,3000,0.0276666666666667,0.0209076148419253,397179.873817908,8.27907228469849
GMEX,Serranus phoebe,rare,north,block,GeostatGP,3000,0.0276666666666667,0.0216144603679719,397179.873817908,3.02871584892273
GMEX,Serranus phoebe,rare,north,extent,RF,3000,0.03,0.00654059237127583,397179.873817908,0.644697904586792
GMEX,Serranus phoebe,rare,north,extent,SpatialRF,3000,0.03,0.00474290908476907,397179.873817908,0.832494020462036
GMEX,Serranus phoebe,rare,north,extent,BRT,3000,0.03,0.0103742099536302,397179.873817908,0.440597534179688
GMEX,Serranus phoebe,rare,north,extent,MaxEntPO,3000,0.03,0.0316325379230819,397179.873817908,0.0130598545074463
GMEX,Serranus phoebe,rare,north,extent,SpatialGAM,3000,0.03,0.0214083996335638,397179.873817908,3.51392006874084
GMEX,Serranus phoebe,rare,north,extent,GeostatGP,3000,0.03,0.0214365231849142,397179.873817908,2.90001893043518
GMEX,Serranus phoebe,rare,south,block,RF,3000,0.0726666666666667,0.0143230629335997,397179.873817908,0.904106140136719
GMEX,Serranus phoebe,rare,south,block,SpatialRF,3000,0.0726666666666667,0.010079177747617,397179.873817908,1.04695725440979
GMEX,Serranus phoebe,rare,south,block,BRT,3000,0.0726666666666667,0.0323479504298211,397179.873817908,0.465499401092529
GMEX,Serranus phoebe,rare,south,block,MaxEntPO,3000,0.0726666666666667,0.12507788320165,397179.873817908,0.0136470794677734
GMEX,Serranus phoebe,rare,south,block,SpatialGAM,3000,0.0726666666666667,0.0473749392377954,397179.873817908,3.56450033187866
GMEX,Serranus phoebe,rare,south,block,GeostatGP,3000,0.0726666666666667,0.0497439042023954,397179.873817908,2.89387893676758
GMEX,Serranus phoebe,rare,south,extent,RF,3000,0.0183333333333333,0.00470476592138705,397179.873817908,0.586172819137573
GMEX,Serranus phoebe,rare,south,extent,SpatialRF,3000,0.0183333333333333,0.00326654246220115,397179.873817908,0.695458889007568
GMEX,Serranus phoebe,rare,south,extent,BRT,3000,0.0183333333333333,0.00618556895737575,397179.873817908,0.45840311050415
GMEX,Serranus phoebe,rare,south,extent,MaxEntPO,3000,0.0183333333333333,0.110566999907865,397179.873817908,0.0249876976013184
GMEX,Serranus phoebe,rare,south,extent,SpatialGAM,3000,0.0183333333333333,0.0135803433679326,397179.873817908,3.45865058898926
GMEX,Serranus phoebe,rare,south,extent,GeostatGP,3000,0.0183333333333333,0.0135241128632122,397179.873817908,3.44593191146851
GMEX,Bregmaceros atlanticus,rare,east,block,RF,3000,0.003,0.00120991948105223,36.6269590320136,0.388450384140015
GMEX,Bregmaceros atlanticus,rare,east,block,SpatialRF,3000,0.003,0.000697027668844287,36.6269590320136,0.519896030426025
GMEX,Bregmaceros atlanticus,rare,east,block,BRT,3000,0.003,0.000100418512794944,36.6269590320136,0.38985276222229
GMEX,Bregmaceros atlanticus,rare,east,block,MaxEntPO,3000,0.003,0.398783677540757,36.6269590320136,0.0117192268371582
GMEX,Bregmaceros atlanticus,rare,east,block,SpatialGAM,3000,0.003,0.0029631062179562,36.6269590320136,3.44254326820374
GMEX,Bregmaceros atlanticus,rare,east,block,GeostatGP,3000,0.003,0.00288397709746454,36.6269590320136,3.26151299476624
GMEX,Bregmaceros atlanticus,rare,east,extent,RF,3000,0.0263333333333333,0.0069112933150562,36.6269590320136,0.732906103134155
GMEX,Bregmaceros atlanticus,rare,east,extent,SpatialRF,3000,0.0263333333333333,0.00576690488573089,36.6269590320136,1.22024655342102
GMEX,Bregmaceros atlanticus,rare,east,extent,BRT,3000,0.0263333333333333,0.0124678264636859,36.6269590320136,0.468893766403198
GMEX,Bregmaceros atlanticus,rare,east,extent,MaxEntPO,3000,0.0263333333333333,0.230704096032608,36.6269590320136,0.0128476619720459
GMEX,Bregmaceros atlanticus,rare,east,extent,SpatialGAM,3000,0.0263333333333333,0.0248508224257294,36.6269590320136,5.66324543952942
GMEX,Bregmaceros atlanticus,rare,east,extent,GeostatGP,3000,0.0263333333333333,0.0248515315039375,36.6269590320136,2.66239666938782
GMEX,Bregmaceros atlanticus,rare,west,block,RF,3000,0.047,0.0117699610037984,36.6269590320136,0.881820917129517
GMEX,Bregmaceros atlanticus,rare,west,block,SpatialRF,3000,0.047,0.00967965162823815,36.6269590320136,1.43206429481506
GMEX,Bregmaceros atlanticus,rare,west,block,BRT,3000,0.047,0.0259043199822581,36.6269590320136,0.470177412033081
GMEX,Bregmaceros atlanticus,rare,west,block,MaxEntPO,3000,0.047,0.124530467993454,36.6269590320136,0.0123047828674316
GMEX,Bregmaceros atlanticus,rare,west,block,SpatialGAM,3000,0.047,0.04279976426453,36.6269590320136,4.47506475448608
GMEX,Bregmaceros atlanticus,rare,west,block,GeostatGP,3000,0.047,0.0424371630775537,36.6269590320136,2.2373571395874
GMEX,Bregmaceros atlanticus,rare,west,extent,RF,3000,0.0173333333333333,0.00478986822422637,36.6269590320136,0.688932418823242
GMEX,Bregmaceros atlanticus,rare,west,extent,SpatialRF,3000,0.0173333333333333,0.00403102059076737,36.6269590320136,1.03693985939026
GMEX,Bregmaceros atlanticus,rare,west,extent,BRT,3000,0.0173333333333333,0.00595728593482252,36.6269590320136,0.478206396102905
GMEX,Bregmaceros atlanticus,rare,west,extent,MaxEntPO,3000,0.0173333333333333,0.394996221521005,36.6269590320136,0.0126931667327881
GMEX,Bregmaceros atlanticus,rare,west,extent,SpatialGAM,3000,0.0173333333333333,0.0165755117894477,36.6269590320136,3.47335982322693
GMEX,Bregmaceros atlanticus,rare,west,extent,GeostatGP,3000,0.0173333333333333,0.0165762047871499,36.6269590320136,2.60630393028259
GMEX,Bregmaceros atlanticus,rare,north,block,RF,3000,0.012,0.00352870099715031,36.6269590320136,0.569368124008179
GMEX,Bregmaceros atlanticus,rare,north,block,SpatialRF,3000,0.012,0.00254707502573852,36.6269590320136,0.794485807418823
GMEX,Bregmaceros atlanticus,rare,north,block,BRT,3000,0.012,0.00297913897272964,36.6269590320136,0.43572211265564
GMEX,Bregmaceros atlanticus,rare,north,block,MaxEntPO,3000,0.012,0.396405507481843,36.6269590320136,0.0196065902709961
GMEX,Bregmaceros atlanticus,rare,north,block,SpatialGAM,3000,0.012,0.0112149440924945,36.6269590320136,4.6338369846344
GMEX,Bregmaceros atlanticus,rare,north,block,GeostatGP,3000,0.012,0.01145072580341,36.6269590320136,2.38385248184204
GMEX,Bregmaceros atlanticus,rare,north,extent,RF,3000,0.0253333333333333,0.00658468164049358,36.6269590320136,0.665340423583984
GMEX,Bregmaceros atlanticus,rare,north,extent,SpatialRF,3000,0.0253333333333333,0.00512260235508482,36.6269590320136,1.15525078773499
GMEX,Bregmaceros atlanticus,rare,north,extent,BRT,3000,0.0253333333333333,0.0101318318965753,36.6269590320136,0.456187009811401
GMEX,Bregmaceros atlanticus,rare,north,extent,MaxEntPO,3000,0.0253333333333333,0.137602819616332,36.6269590320136,0.0128860473632813
GMEX,Bregmaceros atlanticus,rare,north,extent,SpatialGAM,3000,0.0253333333333333,0.0227860864996583,36.6269590320136,3.59849882125855
GMEX,Bregmaceros atlanticus,rare,north,extent,GeostatGP,3000,0.0253333333333333,0.0228313677004511,36.6269590320136,2.98087739944458
GMEX,Bregmaceros atlanticus,rare,south,block,RF,3000,0.0333333333333333,0.00876497612303619,36.6269590320136,0.786259174346924
GMEX,Bregmaceros atlanticus,rare,south,block,SpatialRF,3000,0.0333333333333333,0.006877775800338,36.6269590320136,1.13929533958435
GMEX,Bregmaceros atlanticus,rare,south,block,BRT,3000,0.0333333333333333,0.0163297896307404,36.6269590320136,0.462210893630981
GMEX,Bregmaceros atlanticus,rare,south,block,MaxEntPO,3000,0.0333333333333333,0.118140031053561,36.6269590320136,0.0123753547668457
GMEX,Bregmaceros atlanticus,rare,south,block,SpatialGAM,3000,0.0333333333333333,0.0300727847883868,36.6269590320136,3.69765710830689
GMEX,Bregmaceros atlanticus,rare,south,block,GeostatGP,3000,0.0333333333333333,0.0301622087700239,36.6269590320136,2.76721000671387
GMEX,Bregmaceros atlanticus,rare,south,extent,RF,3000,0.019,0.00558130832370343,36.6269590320136,0.683383226394653
GMEX,Bregmaceros atlanticus,rare,south,extent,SpatialRF,3000,0.019,0.00438053781547585,36.6269590320136,1.15100455284119
GMEX,Bregmaceros atlanticus,rare,south,extent,BRT,3000,0.019,0.00794377636153988,36.6269590320136,0.472662925720215
GMEX,Bregmaceros atlanticus,rare,south,extent,MaxEntPO,3000,0.019,0.394555819658243,36.6269590320136,0.0125138759613037
GMEX,Bregmaceros atlanticus,rare,south,extent,SpatialGAM,3000,0.019,0.0182402003771539,36.6269590320136,3.6856427192688
GMEX,Bregmaceros atlanticus,rare,south,extent,GeostatGP,3000,0.019,0.0183261230990788,36.6269590320136,3.00580334663391
GMEX,Symphurus civitatum,rare,east,block,RF,3000,0.00266666666666667,0.000866930815840358,660.786005225132,0.395153284072876
GMEX,Symphurus civitatum,rare,east,block,SpatialRF,3000,0.00266666666666667,0.000618094666736926,660.786005225132,0.519368171691895
GMEX,Symphurus civitatum,rare,east,block,BRT,3000,0.00266666666666667,4.92868924364521e-05,660.786005225132,0.411819934844971
GMEX,Symphurus civitatum,rare,east,block,MaxEntPO,3000,0.00266666666666667,0.398871757913309,660.786005225132,0.0729184150695801
GMEX,Symphurus civitatum,rare,east,block,SpatialGAM,3000,0.00266666666666667,0.00265539806863775,660.786005225132,3.6298999786377
GMEX,Symphurus civitatum,rare,east,block,GeostatGP,3000,0.00266666666666667,0.00263484507594871,660.786005225132,3.95813322067261
GMEX,Symphurus civitatum,rare,east,extent,RF,3000,0.027,0.00690271406686686,660.786005225132,0.765926599502564
GMEX,Symphurus civitatum,rare,east,extent,SpatialRF,3000,0.027,0.00580813353461678,660.786005225132,1.15620827674866
GMEX,Symphurus civitatum,rare,east,extent,BRT,3000,0.027,0.010858925812431,660.786005225132,0.452255725860596
GMEX,Symphurus civitatum,rare,east,extent,MaxEntPO,3000,0.027,0.392441890716986,660.786005225132,0.0174610614776611
GMEX,Symphurus civitatum,rare,east,extent,SpatialGAM,3000,0.027,0.0259981619137599,660.786005225132,3.45069241523743
GMEX,Symphurus civitatum,rare,east,extent,GeostatGP,3000,0.027,0.0259610099640522,660.786005225132,2.7176616191864
GMEX,Symphurus civitatum,rare,west,block,RF,3000,0.0203333333333333,0.00545519973557023,660.786005225132,0.703421115875244
GMEX,Symphurus civitatum,rare,west,block,SpatialRF,3000,0.0203333333333333,0.00442559852772474,660.786005225132,1.10180020332336
GMEX,Symphurus civitatum,rare,west,block,BRT,3000,0.0203333333333333,0.00702221284882374,660.786005225132,0.454630136489868
GMEX,Symphurus civitatum,rare,west,block,MaxEntPO,3000,0.0203333333333333,0.394203498168033,660.786005225132,0.0172326564788818
GMEX,Symphurus civitatum,rare,west,block,SpatialGAM,3000,0.0203333333333333,0.0193976339753509,660.786005225132,5.21850728988648
GMEX,Symphurus civitatum,rare,west,block,GeostatGP,3000,0.0203333333333333,0.0193497890772159,660.786005225132,3.01401519775391
GMEX,Symphurus civitatum,rare,west,extent,RF,3000,0.0206666666666667,0.00560578650884907,660.786005225132,0.761877298355103
GMEX,Symphurus civitatum,rare,west,extent,SpatialRF,3000,0.0206666666666667,0.00420567317560052,660.786005225132,0.982229709625244
GMEX,Symphurus civitatum,rare,west,extent,BRT,3000,0.0206666666666667,0.00766643545918197,660.786005225132,0.483716249465942
GMEX,Symphurus civitatum,rare,west,extent,MaxEntPO,3000,0.0206666666666667,0.394115417795481,660.786005225132,0.0133368968963623
GMEX,Symphurus civitatum,rare,west,extent,SpatialGAM,3000,0.0206666666666667,0.0194024487683439,660.786005225132,2.43126893043518
GMEX,Symphurus civitatum,rare,west,extent,GeostatGP,3000,0.0206666666666667,0.019397415198206,660.786005225132,2.71303105354309
GMEX,Symphurus civitatum,rare,north,block,RF,3000,0.0236666666666667,0.00663245566086069,660.786005225132,0.703843116760254
GMEX,Symphurus civitatum,rare,north,block,SpatialRF,3000,0.0236666666666667,0.00517012044928822,660.786005225132,1.04464817047119
GMEX,Symphurus civitatum,rare,north,block,BRT,3000,0.0236666666666667,0.0100917219796457,660.786005225132,0.445030927658081
GMEX,Symphurus civitatum,rare,north,block,MaxEntPO,3000,0.0236666666666667,0.39332269444251,660.786005225132,0.0118756294250488
GMEX,Symphurus civitatum,rare,north,block,SpatialGAM,3000,0.0236666666666667,0.0224327524578239,660.786005225132,2.49252486228943
GMEX,Symphurus civitatum,rare,north,block,GeostatGP,3000,0.0236666666666667,0.0223217256882933,660.786005225132,3.05856418609619
GMEX,Symphurus civitatum,rare,north,extent,RF,3000,0.0243333333333333,0.00610081859685285,660.786005225132,0.733000755310059
GMEX,Symphurus civitatum,rare,north,extent,SpatialRF,3000,0.0243333333333333,0.00522439387327763,660.786005225132,1.14219880104065
GMEX,Symphurus civitatum,rare,north,extent,BRT,3000,0.0243333333333333,0.00984137623716429,660.786005225132,0.476697206497192
GMEX,Symphurus civitatum,rare,north,extent,MaxEntPO,3000,0.0243333333333333,0.393146533697405,660.786005225132,0.0123348236083984
GMEX,Symphurus civitatum,rare,north,extent,SpatialGAM,3000,0.0243333333333333,0.0227124424956722,660.786005225132,3.843416929245
GMEX,Symphurus civitatum,rare,north,extent,GeostatGP,3000,0.0243333333333333,0.0226116029755273,660.786005225132,2.70763492584229
GMEX,Symphurus civitatum,rare,south,block,RF,3000,0.00833333333333333,0.00235051693799126,660.786005225132,0.496666669845581
GMEX,Symphurus civitatum,rare,south,block,SpatialRF,3000,0.00833333333333333,0.00183604809803707,660.786005225132,0.646097421646118
GMEX,Symphurus civitatum,rare,south,block,BRT,3000,0.00833333333333333,0.000895498436341656,660.786005225132,0.47508716583252
GMEX,Symphurus civitatum,rare,south,block,MaxEntPO,3000,0.00833333333333333,0.397374391579919,660.786005225132,0.0124139785766602
GMEX,Symphurus civitatum,rare,south,block,SpatialGAM,3000,0.00833333333333333,0.00810529846431665,660.786005225132,2.96001195907593
GMEX,Symphurus civitatum,rare,south,block,GeostatGP,3000,0.00833333333333333,0.00811910922501863,660.786005225132,2.70200991630554
GMEX,Symphurus civitatum,rare,south,extent,RF,3000,0.0213333333333333,0.00604610898594283,660.786005225132,0.787837028503418
GMEX,Symphurus civitatum,rare,south,extent,SpatialRF,3000,0.0213333333333333,0.00480048964029033,660.786005225132,1.2371244430542
GMEX,Symphurus civitatum,rare,south,extent,BRT,3000,0.0213333333333333,0.00952320491388248,660.786005225132,0.475625038146973
GMEX,Symphurus civitatum,rare,south,extent,MaxEntPO,3000,0.0213333333333333,0.393939257050376,660.786005225132,0.0115790367126465
GMEX,Symphurus civitatum,rare,south,extent,SpatialGAM,3000,0.0213333333333333,0.0207242960689809,660.786005225132,2.58905959129334
GMEX,Symphurus civitatum,rare,south,extent,GeostatGP,3000,0.0213333333333333,0.0205827156535639,660.786005225132,2.84814953804016
GMEX,Porichthys plectrodon,intermediate,east,block,RF,3000,0.148666666666667,0.0366396340935108,92.3053753401127,1.59656715393066
GMEX,Porichthys plectrodon,intermediate,east,block,SpatialRF,3000,0.148666666666667,0.027876815070002,92.3053753401127,2.44238781929016
GMEX,Porichthys plectrodon,intermediate,east,block,BRT,3000,0.148666666666667,0.0956863407893411,92.3053753401127,0.482457160949707
GMEX,Porichthys plectrodon,intermediate,east,block,MaxEntPO,3000,0.148666666666667,0.352243868206911,92.3053753401127,0.0134928226470947
GMEX,Porichthys plectrodon,intermediate,east,block,SpatialGAM,3000,0.148666666666667,0.121147803854377,92.3053753401127,3.43257570266724
GMEX,Porichthys plectrodon,intermediate,east,block,GeostatGP,3000,0.148666666666667,0.121540671477187,92.3053753401127,2.98986172676086
GMEX,Porichthys plectrodon,intermediate,east,extent,RF,3000,0.268333333333333,0.0503624917059266,92.3053753401127,1.47289276123047
GMEX,Porichthys plectrodon,intermediate,east,extent,SpatialRF,3000,0.268333333333333,0.0399407870807424,92.3053753401127,2.46061015129089
GMEX,Porichthys plectrodon,intermediate,east,extent,BRT,3000,0.268333333333333,0.148861872368089,92.3053753401127,0.630860567092896
GMEX,Porichthys plectrodon,intermediate,east,extent,MaxEntPO,3000,0.268333333333333,0.20433658895413,92.3053753401127,0.0134167671203613
GMEX,Porichthys plectrodon,intermediate,east,extent,SpatialGAM,3000,0.268333333333333,0.177781919979104,92.3053753401127,2.51309847831726
GMEX,Porichthys plectrodon,intermediate,east,extent,GeostatGP,3000,0.268333333333333,0.181013996721932,92.3053753401127,2.65476703643799
GMEX,Porichthys plectrodon,intermediate,west,block,RF,3000,0.310666666666667,0.0537830464971241,92.3053753401127,1.49092507362366
GMEX,Porichthys plectrodon,intermediate,west,block,SpatialRF,3000,0.310666666666667,0.0413414251640764,92.3053753401127,2.44577383995056
GMEX,Porichthys plectrodon,intermediate,west,block,BRT,3000,0.310666666666667,0.1567057437494,92.3053753401127,0.439017057418823
GMEX,Porichthys plectrodon,intermediate,west,block,MaxEntPO,3000,0.310666666666667,0.201023199447329,92.3053753401127,0.0141544342041016
GMEX,Porichthys plectrodon,intermediate,west,block,SpatialGAM,3000,0.310666666666667,0.18577389665522,92.3053753401127,2.6180899143219
GMEX,Porichthys plectrodon,intermediate,west,block,GeostatGP,3000,0.310666666666667,0.186024007249824,92.3053753401127,2.64934659004211
GMEX,Porichthys plectrodon,intermediate,west,extent,RF,3000,0.234,0.0481638137572357,92.3053753401127,1.48930025100708
GMEX,Porichthys plectrodon,intermediate,west,extent,SpatialRF,3000,0.234,0.0364038931907454,92.3053753401127,2.36928033828735
GMEX,Porichthys plectrodon,intermediate,west,extent,BRT,3000,0.234,0.135682646872941,92.3053753401127,0.424916744232178
GMEX,Porichthys plectrodon,intermediate,west,extent,MaxEntPO,3000,0.234,0.180808788776056,92.3053753401127,0.0136795043945313
GMEX,Porichthys plectrodon,intermediate,west,extent,SpatialGAM,3000,0.234,0.161944098156343,92.3053753401127,3.54833602905273
GMEX,Porichthys plectrodon,intermediate,west,extent,GeostatGP,3000,0.234,0.163624001770966,92.3053753401127,2.54889464378357
GMEX,Porichthys plectrodon,intermediate,north,block,RF,3000,0.136,0.0358968897869137,92.3053753401127,1.31904697418213
GMEX,Porichthys plectrodon,intermediate,north,block,SpatialRF,3000,0.136,0.0252874955566707,92.3053753401127,2.11107802391052
GMEX,Porichthys plectrodon,intermediate,north,block,BRT,3000,0.136,0.086448154040944,92.3053753401127,0.436259508132935
GMEX,Porichthys plectrodon,intermediate,north,block,MaxEntPO,3000,0.136,0.29662072799719,92.3053753401127,0.0124168395996094
GMEX,Porichthys plectrodon,intermediate,north,block,SpatialGAM,3000,0.136,0.114249080519265,92.3053753401127,2.3935284614563
GMEX,Porichthys plectrodon,intermediate,north,block,GeostatGP,3000,0.136,0.114200231376244,92.3053753401127,2.69685935974121
GMEX,Porichthys plectrodon,intermediate,north,extent,RF,3000,0.280333333333333,0.0527214458224882,92.3053753401127,1.53670215606689
GMEX,Porichthys plectrodon,intermediate,north,extent,SpatialRF,3000,0.280333333333333,0.0416686420392596,92.3053753401127,2.62146496772766
GMEX,Porichthys plectrodon,intermediate,north,extent,BRT,3000,0.280333333333333,0.153479368857613,92.3053753401127,0.444488048553467
GMEX,Porichthys plectrodon,intermediate,north,extent,MaxEntPO,3000,0.280333333333333,0.227209002531477,92.3053753401127,0.0143468379974365
GMEX,Porichthys plectrodon,intermediate,north,extent,SpatialGAM,3000,0.280333333333333,0.184981419104883,92.3053753401127,5.23828554153442
GMEX,Porichthys plectrodon,intermediate,north,extent,GeostatGP,3000,0.280333333333333,0.188459939294297,92.3053753401127,2.8370726108551
GMEX,Porichthys plectrodon,intermediate,south,block,RF,3000,0.271666666666667,0.0466793048384741,92.3053753401127,1.49763178825378
GMEX,Porichthys plectrodon,intermediate,south,block,SpatialRF,3000,0.271666666666667,0.036762473122968,92.3053753401127,2.27800154685974
GMEX,Porichthys plectrodon,intermediate,south,block,BRT,3000,0.271666666666667,0.137486913338001,92.3053753401127,0.447881698608398
GMEX,Porichthys plectrodon,intermediate,south,block,MaxEntPO,3000,0.271666666666667,0.234029648333533,92.3053753401127,0.0141863822937012
GMEX,Porichthys plectrodon,intermediate,south,block,SpatialGAM,3000,0.271666666666667,0.166440142520488,92.3053753401127,2.5014066696167
GMEX,Porichthys plectrodon,intermediate,south,block,GeostatGP,3000,0.271666666666667,0.168050093842129,92.3053753401127,2.75012874603272
GMEX,Porichthys plectrodon,intermediate,south,extent,RF,3000,0.242333333333333,0.0507615279132597,92.3053753401127,1.48282742500305
GMEX,Porichthys plectrodon,intermediate,south,extent,SpatialRF,3000,0.242333333333333,0.0386244729388899,92.3053753401127,2.3777334690094
GMEX,Porichthys plectrodon,intermediate,south,extent,BRT,3000,0.242333333333333,0.141498915000797,92.3053753401127,0.430416345596314
GMEX,Porichthys plectrodon,intermediate,south,extent,MaxEntPO,3000,0.242333333333333,0.193558759504789,92.3053753401127,0.0152442455291748
GMEX,Porichthys plectrodon,intermediate,south,extent,SpatialGAM,3000,0.242333333333333,0.168979771992221,92.3053753401127,2.56573891639709
GMEX,Porichthys plectrodon,intermediate,south,extent,GeostatGP,3000,0.242333333333333,0.171521248347238,92.3053753401127,2.5684666633606
GMEX,Citharichthys spilopterus,intermediate,east,block,RF,3000,0.0223333333333333,0.00734362721762925,653.082800872032,0.681620836257935
GMEX,Citharichthys spilopterus,intermediate,east,block,SpatialRF,3000,0.0223333333333333,0.00468631291707514,653.082800872032,0.876344442367554
GMEX,Citharichthys spilopterus,intermediate,east,block,BRT,3000,0.0223333333333333,0.0099773031262214,653.082800872032,0.401531457901001
GMEX,Citharichthys spilopterus,intermediate,east,block,MaxEntPO,3000,0.0223333333333333,0.262738792709737,653.082800872032,0.0124497413635254
GMEX,Citharichthys spilopterus,intermediate,east,block,SpatialGAM,3000,0.0223333333333333,0.0197518018329618,653.082800872032,5.53786134719849
GMEX,Citharichthys spilopterus,intermediate,east,block,GeostatGP,3000,0.0223333333333333,0.0198081241549826,653.082800872032,2.85785961151123
GMEX,Citharichthys spilopterus,intermediate,east,extent,RF,3000,0.180666666666667,0.0396036964988088,653.082800872032,1.43848443031311
GMEX,Citharichthys spilopterus,intermediate,east,extent,SpatialRF,3000,0.180666666666667,0.0297424175844651,653.082800872032,2.13418364524841
GMEX,Citharichthys spilopterus,intermediate,east,extent,BRT,3000,0.180666666666667,0.109821073240255,653.082800872032,0.43937611579895
GMEX,Citharichthys spilopterus,intermediate,east,extent,MaxEntPO,3000,0.180666666666667,0.164130867509637,653.082800872032,0.0135173797607422
GMEX,Citharichthys spilopterus,intermediate,east,extent,SpatialGAM,3000,0.180666666666667,0.131361682392149,653.082800872032,3.50832176208496
GMEX,Citharichthys spilopterus,intermediate,east,extent,GeostatGP,3000,0.180666666666667,0.133046563835779,653.082800872032,2.91506385803223
GMEX,Citharichthys spilopterus,intermediate,west,block,RF,3000,0.171,0.0363700359438197,653.082800872032,1.30645418167114
GMEX,Citharichthys spilopterus,intermediate,west,block,SpatialRF,3000,0.171,0.0277487648714891,653.082800872032,2.02449154853821
GMEX,Citharichthys spilopterus,intermediate,west,block,BRT,3000,0.171,0.0977103446516038,653.082800872032,0.440972805023193
GMEX,Citharichthys spilopterus,intermediate,west,block,MaxEntPO,3000,0.171,0.144983104162836,653.082800872032,0.0138251781463623
GMEX,Citharichthys spilopterus,intermediate,west,block,SpatialGAM,3000,0.171,0.124076305396472,653.082800872032,3.56794619560242
GMEX,Citharichthys spilopterus,intermediate,west,block,GeostatGP,3000,0.171,0.125041065723701,653.082800872032,2.92140197753906
GMEX,Citharichthys spilopterus,intermediate,west,extent,RF,3000,0.141333333333333,0.0341751491128055,653.082800872032,1.34930825233459
GMEX,Citharichthys spilopterus,intermediate,west,extent,SpatialRF,3000,0.141333333333333,0.0228827113142604,653.082800872032,1.74717330932617
GMEX,Citharichthys spilopterus,intermediate,west,extent,BRT,3000,0.141333333333333,0.0889972399083902,653.082800872032,0.441321849822998
GMEX,Citharichthys spilopterus,intermediate,west,extent,MaxEntPO,3000,0.141333333333333,0.144260278457231,653.082800872032,0.0131914615631104
GMEX,Citharichthys spilopterus,intermediate,west,extent,SpatialGAM,3000,0.141333333333333,0.102022694812164,653.082800872032,3.75951743125916
GMEX,Citharichthys spilopterus,intermediate,west,extent,GeostatGP,3000,0.141333333333333,0.103019731176052,653.082800872032,2.5695595741272
GMEX,Citharichthys spilopterus,intermediate,north,block,RF,3000,0.134333333333333,0.0369661617168384,653.082800872032,1.27836847305298
GMEX,Citharichthys spilopterus,intermediate,north,block,SpatialRF,3000,0.134333333333333,0.0243395709489889,653.082800872032,1.8967227935791
GMEX,Citharichthys spilopterus,intermediate,north,block,BRT,3000,0.134333333333333,0.0873172135211972,653.082800872032,0.430354356765747
GMEX,Citharichthys spilopterus,intermediate,north,block,MaxEntPO,3000,0.134333333333333,0.144450941955063,653.082800872032,0.0132794380187988
GMEX,Citharichthys spilopterus,intermediate,north,block,SpatialGAM,3000,0.134333333333333,0.104462022874162,653.082800872032,3.10031199455261
GMEX,Citharichthys spilopterus,intermediate,north,block,GeostatGP,3000,0.134333333333333,0.105766773586382,653.082800872032,2.72720408439636
GMEX,Citharichthys spilopterus,intermediate,north,extent,RF,3000,0.155,0.0346483746804867,653.082800872032,1.31909847259521
GMEX,Citharichthys spilopterus,intermediate,north,extent,SpatialRF,3000,0.155,0.0255470654886648,653.082800872032,1.98556399345398
GMEX,Citharichthys spilopterus,intermediate,north,extent,BRT,3000,0.155,0.0954510637816731,653.082800872032,0.440942764282227
GMEX,Citharichthys spilopterus,intermediate,north,extent,MaxEntPO,3000,0.155,0.155993007823203,653.082800872032,0.0135667324066162
GMEX,Citharichthys spilopterus,intermediate,north,extent,SpatialGAM,3000,0.155,0.111106302236052,653.082800872032,4.04246926307678
GMEX,Citharichthys spilopterus,intermediate,north,extent,GeostatGP,3000,0.155,0.111989884772944,653.082800872032,2.98283839225769
GMEX,Citharichthys spilopterus,intermediate,south,block,RF,3000,0.0973333333333333,0.0208578857372994,653.082800872032,1.11517572402954
GMEX,Citharichthys spilopterus,intermediate,south,block,SpatialRF,3000,0.0973333333333333,0.0164535348725701,653.082800872032,1.43256378173828
GMEX,Citharichthys spilopterus,intermediate,south,block,BRT,3000,0.0973333333333333,0.0545609449355278,653.082800872032,0.461347341537476
GMEX,Citharichthys spilopterus,intermediate,south,block,MaxEntPO,3000,0.0973333333333333,0.106617220486754,653.082800872032,0.0132791996002197
GMEX,Citharichthys spilopterus,intermediate,south,block,SpatialGAM,3000,0.0973333333333333,0.0706993381973375,653.082800872032,2.58990263938904
GMEX,Citharichthys spilopterus,intermediate,south,block,GeostatGP,3000,0.0973333333333333,0.0708730673982651,653.082800872032,2.64166474342346
GMEX,Citharichthys spilopterus,intermediate,south,extent,RF,3000,0.163,0.0381999118065447,653.082800872032,1.36884903907776
GMEX,Citharichthys spilopterus,intermediate,south,extent,SpatialRF,3000,0.163,0.0275413549907717,653.082800872032,1.98624277114868
GMEX,Citharichthys spilopterus,intermediate,south,extent,BRT,3000,0.163,0.10345740668755,653.082800872032,0.448365926742554
GMEX,Citharichthys spilopterus,intermediate,south,extent,MaxEntPO,3000,0.163,0.156379066183255,653.082800872032,0.0140857696533203
GMEX,Citharichthys spilopterus,intermediate,south,extent,SpatialGAM,3000,0.163,0.122909656743545,653.082800872032,3.55344891548157
GMEX,Citharichthys spilopterus,intermediate,south,extent,GeostatGP,3000,0.163,0.123499353083448,653.082800872032,2.64566373825073
GMEX,Orthopristis chrysoptera,intermediate,east,block,RF,3000,0.162666666666667,0.0278308981573584,85904.0110901908,1.0445830821991
GMEX,Orthopristis chrysoptera,intermediate,east,block,SpatialRF,3000,0.162666666666667,0.0190948174872764,85904.0110901908,1.60734558105469
GMEX,Orthopristis chrysoptera,intermediate,east,block,BRT,3000,0.162666666666667,0.0693885884232696,85904.0110901908,0.436342716217041
GMEX,Orthopristis chrysoptera,intermediate,east,block,MaxEntPO,3000,0.162666666666667,0.114063731109163,85904.0110901908,0.0141847133636475
GMEX,Orthopristis chrysoptera,intermediate,east,block,SpatialGAM,3000,0.162666666666667,0.0881482760760131,85904.0110901908,3.32849025726318
GMEX,Orthopristis chrysoptera,intermediate,east,block,GeostatGP,3000,0.162666666666667,0.0898980914343843,85904.0110901908,2.39449167251587
GMEX,Orthopristis chrysoptera,intermediate,east,extent,RF,3000,0.07,0.0164108414494945,85904.0110901908,0.923712730407715
GMEX,Orthopristis chrysoptera,intermediate,east,extent,SpatialRF,3000,0.07,0.0124723013024609,85904.0110901908,1.36117601394653
GMEX,Orthopristis chrysoptera,intermediate,east,extent,BRT,3000,0.07,0.0379659698613547,85904.0110901908,0.442051649093628
GMEX,Orthopristis chrysoptera,intermediate,east,extent,MaxEntPO,3000,0.07,0.0620320721134298,85904.0110901908,0.0125131607055664
GMEX,Orthopristis chrysoptera,intermediate,east,extent,SpatialGAM,3000,0.07,0.0533320270000652,85904.0110901908,1.95989966392517
GMEX,Orthopristis chrysoptera,intermediate,east,extent,GeostatGP,3000,0.07,0.0532750212079491,85904.0110901908,2.37277102470398
GMEX,Orthopristis chrysoptera,intermediate,west,block,RF,3000,0.107,0.0208885123452824,85904.0110901908,0.907487392425537
GMEX,Orthopristis chrysoptera,intermediate,west,block,SpatialRF,3000,0.107,0.0167262509246271,85904.0110901908,1.49429845809937
GMEX,Orthopristis chrysoptera,intermediate,west,block,BRT,3000,0.107,0.0513399038676576,85904.0110901908,0.46051287651062
GMEX,Orthopristis chrysoptera,intermediate,west,block,MaxEntPO,3000,0.107,0.0789837011139207,85904.0110901908,0.0138204097747803
GMEX,Orthopristis chrysoptera,intermediate,west,block,SpatialGAM,3000,0.107,0.0754276171591952,85904.0110901908,3.33004808425903
GMEX,Orthopristis chrysoptera,intermediate,west,block,GeostatGP,3000,0.107,0.0755177326498784,85904.0110901908,2.53686094284058
GMEX,Orthopristis chrysoptera,intermediate,west,extent,RF,3000,0.0856666666666667,0.0191541887061309,85904.0110901908,0.915011644363403
GMEX,Orthopristis chrysoptera,intermediate,west,extent,SpatialRF,3000,0.0856666666666667,0.0135546739457602,85904.0110901908,1.46413111686707
GMEX,Orthopristis chrysoptera,intermediate,west,extent,BRT,3000,0.0856666666666667,0.0470131354850288,85904.0110901908,0.459356069564819
GMEX,Orthopristis chrysoptera,intermediate,west,extent,MaxEntPO,3000,0.0856666666666667,0.0833842122611062,85904.0110901908,0.0130000114440918
GMEX,Orthopristis chrysoptera,intermediate,west,extent,SpatialGAM,3000,0.0856666666666667,0.0585638576157265,85904.0110901908,4.31661820411682
GMEX,Orthopristis chrysoptera,intermediate,west,extent,GeostatGP,3000,0.0856666666666667,0.0580836377648465,85904.0110901908,2.64569568634033
GMEX,Orthopristis chrysoptera,intermediate,north,block,RF,3000,0.121333333333333,0.0276218149200155,85904.0110901908,1.13254404067993
GMEX,Orthopristis chrysoptera,intermediate,north,block,SpatialRF,3000,0.121333333333333,0.0185518517841457,85904.0110901908,1.72920155525208
GMEX,Orthopristis chrysoptera,intermediate,north,block,BRT,3000,0.121333333333333,0.0709370541237934,85904.0110901908,0.447404623031616
GMEX,Orthopristis chrysoptera,intermediate,north,block,MaxEntPO,3000,0.121333333333333,0.105059896257007,85904.0110901908,0.0149235725402832
GMEX,Orthopristis chrysoptera,intermediate,north,block,SpatialGAM,3000,0.121333333333333,0.0793589000694851,85904.0110901908,5.00505328178406
GMEX,Orthopristis chrysoptera,intermediate,north,block,GeostatGP,3000,0.121333333333333,0.08081269550667,85904.0110901908,2.82941150665283
GMEX,Orthopristis chrysoptera,intermediate,north,extent,RF,3000,0.0796666666666667,0.0173291361552154,85904.0110901908,0.898003816604614
GMEX,Orthopristis chrysoptera,intermediate,north,extent,SpatialRF,3000,0.0796666666666667,0.0132144718513241,85904.0110901908,1.39725041389465
GMEX,Orthopristis chrysoptera,intermediate,north,extent,BRT,3000,0.0796666666666667,0.0429205289123792,85904.0110901908,0.437959432601929
GMEX,Orthopristis chrysoptera,intermediate,north,extent,MaxEntPO,3000,0.0796666666666667,0.0911440584179041,85904.0110901908,0.0125846862792969
GMEX,Orthopristis chrysoptera,intermediate,north,extent,SpatialGAM,3000,0.0796666666666667,0.0553236483120936,85904.0110901908,2.631098985672
GMEX,Orthopristis chrysoptera,intermediate,north,extent,GeostatGP,3000,0.0796666666666667,0.0558039210326683,85904.0110901908,2.65106773376465
GMEX,Orthopristis chrysoptera,intermediate,south,block,RF,3000,0.109,0.0197130784617452,85904.0110901908,0.919565200805664
GMEX,Orthopristis chrysoptera,intermediate,south,block,SpatialRF,3000,0.109,0.0155591910666905,85904.0110901908,1.36738586425781
GMEX,Orthopristis chrysoptera,intermediate,south,block,BRT,3000,0.109,0.0460620576636642,85904.0110901908,0.4387366771698
GMEX,Orthopristis chrysoptera,intermediate,south,block,MaxEntPO,3000,0.109,0.0754037565482023,85904.0110901908,0.0140016078948975
GMEX,Orthopristis chrysoptera,intermediate,south,block,SpatialGAM,3000,0.109,0.0659588530442086,85904.0110901908,3.85632157325745
GMEX,Orthopristis chrysoptera,intermediate,south,block,GeostatGP,3000,0.109,0.0660987553918219,85904.0110901908,2.93826174736023
GMEX,Orthopristis chrysoptera,intermediate,south,extent,RF,3000,0.07,0.0163033276618125,85904.0110901908,0.925391912460327
GMEX,Orthopristis chrysoptera,intermediate,south,extent,SpatialRF,3000,0.07,0.0128695982227899,85904.0110901908,1.39797878265381
GMEX,Orthopristis chrysoptera,intermediate,south,extent,BRT,3000,0.07,0.0400927507423125,85904.0110901908,0.453090190887451
GMEX,Orthopristis chrysoptera,intermediate,south,extent,MaxEntPO,3000,0.07,0.0633697224162049,85904.0110901908,0.0137357711791992
GMEX,Orthopristis chrysoptera,intermediate,south,extent,SpatialGAM,3000,0.07,0.0532163159618893,85904.0110901908,3.54311537742615
GMEX,Orthopristis chrysoptera,intermediate,south,extent,GeostatGP,3000,0.07,0.0533129719522507,85904.0110901908,2.70506596565247
GMEX,Decapterus punctatus,intermediate,east,block,RF,3000,0.171666666666667,0.0384843651549316,657.281210665755,1.41461396217346
GMEX,Decapterus punctatus,intermediate,east,block,SpatialRF,3000,0.171666666666667,0.0305413471407107,657.281210665755,2.26297283172607
GMEX,Decapterus punctatus,intermediate,east,block,BRT,3000,0.171666666666667,0.105849271870908,657.281210665755,0.434063911437988
GMEX,Decapterus punctatus,intermediate,east,block,MaxEntPO,3000,0.171666666666667,0.205563527104402,657.281210665755,0.0128509998321533
GMEX,Decapterus punctatus,intermediate,east,block,SpatialGAM,3000,0.171666666666667,0.132696645719689,657.281210665755,3.47024607658386
GMEX,Decapterus punctatus,intermediate,east,block,GeostatGP,3000,0.171666666666667,0.133594917924384,657.281210665755,2.82902121543884
GMEX,Decapterus punctatus,intermediate,east,extent,RF,3000,0.033,0.00937897871453128,657.281210665755,0.764177799224854
GMEX,Decapterus punctatus,intermediate,east,extent,SpatialRF,3000,0.033,0.00717380385201185,657.281210665755,1.29749965667725
GMEX,Decapterus punctatus,intermediate,east,extent,BRT,3000,0.033,0.0172992482769981,657.281210665755,0.458606004714966
GMEX,Decapterus punctatus,intermediate,east,extent,MaxEntPO,3000,0.033,0.373272498220903,657.281210665755,0.0117533206939697
GMEX,Decapterus punctatus,intermediate,east,extent,SpatialGAM,3000,0.033,0.0301084419332222,657.281210665755,2.56563663482666
GMEX,Decapterus punctatus,intermediate,east,extent,GeostatGP,3000,0.033,0.030305089348874,657.281210665755,2.58568358421326
GMEX,Decapterus punctatus,intermediate,west,block,RF,3000,0.0246666666666667,0.00685456721276359,657.281210665755,0.686074256896973
GMEX,Decapterus punctatus,intermediate,west,block,SpatialRF,3000,0.0246666666666667,0.00543923438867319,657.281210665755,1.12497973442078
GMEX,Decapterus punctatus,intermediate,west,block,BRT,3000,0.0246666666666667,0.011606328421526,657.281210665755,0.468808174133301
GMEX,Decapterus punctatus,intermediate,west,block,MaxEntPO,3000,0.0246666666666667,0.393058453324853,657.281210665755,0.0153961181640625
GMEX,Decapterus punctatus,intermediate,west,block,SpatialGAM,3000,0.0246666666666667,0.0236685534535717,657.281210665755,2.44538688659668
GMEX,Decapterus punctatus,intermediate,west,block,GeostatGP,3000,0.0246666666666667,0.023595522654957,657.281210665755,2.95203232765198
GMEX,Decapterus punctatus,intermediate,west,extent,RF,3000,0.0743333333333333,0.0199060819347252,657.281210665755,1.06741285324097
GMEX,Decapterus punctatus,intermediate,west,extent,SpatialRF,3000,0.0743333333333333,0.0148966190212584,657.281210665755,1.53662061691284
GMEX,Decapterus punctatus,intermediate,west,extent,BRT,3000,0.0743333333333333,0.0484576652969466,657.281210665755,0.458837985992432
GMEX,Decapterus punctatus,intermediate,west,extent,MaxEntPO,3000,0.0743333333333333,0.0844932033981237,657.281210665755,0.0132439136505127
GMEX,Decapterus punctatus,intermediate,west,extent,SpatialGAM,3000,0.0743333333333333,0.0620106114470932,657.281210665755,6.77375054359436
GMEX,Decapterus punctatus,intermediate,west,extent,GeostatGP,3000,0.0743333333333333,0.0621218913438484,657.281210665755,2.67619252204895
GMEX,Decapterus punctatus,intermediate,north,block,RF,3000,0.09,0.0217663848951127,657.281210665755,1.01209568977356
GMEX,Decapterus punctatus,intermediate,north,block,SpatialRF,3000,0.09,0.0166061532272197,657.281210665755,1.47460699081421
GMEX,Decapterus punctatus,intermediate,north,block,BRT,3000,0.09,0.0551779306701295,657.281210665755,0.445537805557251
GMEX,Decapterus punctatus,intermediate,north,block,MaxEntPO,3000,0.09,0.265644952606051,657.281210665755,0.018773078918457
GMEX,Decapterus punctatus,intermediate,north,block,SpatialGAM,3000,0.09,0.0730074975223494,657.281210665755,2.38370251655579
GMEX,Decapterus punctatus,intermediate,north,block,GeostatGP,3000,0.09,0.0751044107273652,657.281210665755,3.12270379066467
GMEX,Decapterus punctatus,intermediate,north,extent,RF,3000,0.0623333333333333,0.0165272301552532,657.281210665755,1.13085579872131
GMEX,Decapterus punctatus,intermediate,north,extent,SpatialRF,3000,0.0623333333333333,0.0117930850509237,657.281210665755,1.4197096824646
GMEX,Decapterus punctatus,intermediate,north,extent,BRT,3000,0.0623333333333333,0.0381929831726056,657.281210665755,0.458861589431763
GMEX,Decapterus punctatus,intermediate,north,extent,MaxEntPO,3000,0.0623333333333333,0.32801918468584,657.281210665755,0.0121269226074219
GMEX,Decapterus punctatus,intermediate,north,extent,SpatialGAM,3000,0.0623333333333333,0.0520591906173031,657.281210665755,2.70553135871887
GMEX,Decapterus punctatus,intermediate,north,extent,GeostatGP,3000,0.0623333333333333,0.0521309544407601,657.281210665755,2.92995810508728
GMEX,Decapterus punctatus,intermediate,south,block,RF,3000,0.082,0.0201942810865615,657.281210665755,1.11575961112976
GMEX,Decapterus punctatus,intermediate,south,block,SpatialRF,3000,0.082,0.0162276324952852,657.281210665755,1.68936038017273
GMEX,Decapterus punctatus,intermediate,south,block,BRT,3000,0.082,0.0498139298323401,657.281210665755,0.457696437835693
GMEX,Decapterus punctatus,intermediate,south,block,MaxEntPO,3000,0.082,0.274849977453395,657.281210665755,0.0150241851806641
GMEX,Decapterus punctatus,intermediate,south,block,SpatialGAM,3000,0.082,0.0678677027508871,657.281210665755,3.47053647041321
GMEX,Decapterus punctatus,intermediate,south,block,GeostatGP,3000,0.082,0.0679367182216152,657.281210665755,2.40919399261475
GMEX,Decapterus punctatus,intermediate,south,extent,RF,3000,0.053,0.0140543703400614,657.281210665755,0.963788986206055
GMEX,Decapterus punctatus,intermediate,south,extent,SpatialRF,3000,0.053,0.0106748491687772,657.281210665755,1.37918376922607
GMEX,Decapterus punctatus,intermediate,south,extent,BRT,3000,0.053,0.0310489527430897,657.281210665755,0.451066017150879
GMEX,Decapterus punctatus,intermediate,south,extent,MaxEntPO,3000,0.053,0.358471000976871,657.281210665755,0.01242995262146
GMEX,Decapterus punctatus,intermediate,south,extent,SpatialGAM,3000,0.053,0.0442078920294386,657.281210665755,3.30989646911621
GMEX,Decapterus punctatus,intermediate,south,extent,GeostatGP,3000,0.053,0.0445178535873537,657.281210665755,2.9482843875885
GMEX,Engyophrys senta,intermediate,east,block,RF,3000,0.00666666666666667,0.00198807051057591,25.5919138678272,0.467183351516724
GMEX,Engyophrys senta,intermediate,east,block,SpatialRF,3000,0.00666666666666667,0.0016108994770293,25.5919138678272,0.583775758743286
GMEX,Engyophrys senta,intermediate,east,block,BRT,3000,0.00666666666666667,0.00123107233200615,25.5919138678272,0.389146566390991
GMEX,Engyophrys senta,intermediate,east,block,MaxEntPO,3000,0.00666666666666667,0.397814793442681,25.5919138678272,0.0116901397705078
GMEX,Engyophrys senta,intermediate,east,block,SpatialGAM,3000,0.00666666666666667,0.00635358855427251,25.5919138678272,2.42630052566528
GMEX,Engyophrys senta,intermediate,east,block,GeostatGP,3000,0.00666666666666667,0.00621495691211414,25.5919138678272,2.81712412834168
GMEX,Engyophrys senta,intermediate,east,extent,RF,3000,0.056,0.0145822108711328,25.5919138678272,0.843942403793335
GMEX,Engyophrys senta,intermediate,east,extent,SpatialRF,3000,0.056,0.0114643161549695,25.5919138678272,1.39063024520874
GMEX,Engyophrys senta,intermediate,east,extent,BRT,3000,0.056,0.0325773682036469,25.5919138678272,0.471827983856201
GMEX,Engyophrys senta,intermediate,east,extent,MaxEntPO,3000,0.056,0.189547875453536,25.5919138678272,0.0164406299591064
GMEX,Engyophrys senta,intermediate,east,extent,SpatialGAM,3000,0.056,0.047845018802446,25.5919138678272,3.25107026100159
GMEX,Engyophrys senta,intermediate,east,extent,GeostatGP,3000,0.056,0.0477743900028377,25.5919138678272,3.03234386444092
GMEX,Engyophrys senta,intermediate,west,block,RF,3000,0.111333333333333,0.0245752799950037,25.5919138678272,1.01676535606384
GMEX,Engyophrys senta,intermediate,west,block,SpatialRF,3000,0.111333333333333,0.0206910784223089,25.5919138678272,1.73079299926758
GMEX,Engyophrys senta,intermediate,west,block,BRT,3000,0.111333333333333,0.0628831083656099,25.5919138678272,0.472394943237305
GMEX,Engyophrys senta,intermediate,west,block,MaxEntPO,3000,0.111333333333333,0.135538104972406,25.5919138678272,0.0137240886688232
GMEX,Engyophrys senta,intermediate,west,block,SpatialGAM,3000,0.111333333333333,0.0866337958828032,25.5919138678272,2.76024580001831
GMEX,Engyophrys senta,intermediate,west,block,GeostatGP,3000,0.111333333333333,0.0867728828761469,25.5919138678272,3.17646765708923
GMEX,Engyophrys senta,intermediate,west,extent,RF,3000,0.03,0.00835268514844359,25.5919138678272,0.74369215965271
GMEX,Engyophrys senta,intermediate,west,extent,SpatialRF,3000,0.03,0.00622153598961959,25.5919138678272,1.0709536075592
GMEX,Engyophrys senta,intermediate,west,extent,BRT,3000,0.03,0.0133383739385325,25.5919138678272,0.438954830169678
GMEX,Engyophrys senta,intermediate,west,extent,MaxEntPO,3000,0.03,0.114012771136059,25.5919138678272,0.0127804279327393
GMEX,Engyophrys senta,intermediate,west,extent,SpatialGAM,3000,0.03,0.0265697902835361,25.5919138678272,5.87735080718994
GMEX,Engyophrys senta,intermediate,west,extent,GeostatGP,3000,0.03,0.0264424538270566,25.5919138678272,2.45502042770386
GMEX,Engyophrys senta,intermediate,north,block,RF,3000,0.02,0.00585330816771518,25.5919138678272,0.672690629959106
GMEX,Engyophrys senta,intermediate,north,block,SpatialRF,3000,0.02,0.00431993447967926,25.5919138678272,0.910797595977783
GMEX,Engyophrys senta,intermediate,north,block,BRT,3000,0.02,0.00739995262627318,25.5919138678272,0.435103416442871
GMEX,Engyophrys senta,intermediate,north,block,MaxEntPO,3000,0.02,0.188564990722198,25.5919138678272,0.0121800899505615
GMEX,Engyophrys senta,intermediate,north,block,SpatialGAM,3000,0.02,0.0184135091919085,25.5919138678272,4.66560387611389
GMEX,Engyophrys senta,intermediate,north,block,GeostatGP,3000,0.02,0.0184541049411564,25.5919138678272,2.83699917793274
GMEX,Engyophrys senta,intermediate,north,extent,RF,3000,0.0593333333333333,0.0140584062746851,25.5919138678272,0.949597120285034
GMEX,Engyophrys senta,intermediate,north,extent,SpatialRF,3000,0.0593333333333333,0.0108262481594846,25.5919138678272,1.32060766220093
GMEX,Engyophrys senta,intermediate,north,extent,BRT,3000,0.0593333333333333,0.0330019574606361,25.5919138678272,0.453693389892578
GMEX,Engyophrys senta,intermediate,north,extent,MaxEntPO,3000,0.0593333333333333,0.295860113004907,25.5919138678272,0.0152385234832764
GMEX,Engyophrys senta,intermediate,north,extent,SpatialGAM,3000,0.0593333333333333,0.0486263072061627,25.5919138678272,4.61171126365662
GMEX,Engyophrys senta,intermediate,north,extent,GeostatGP,3000,0.0593333333333333,0.0482442293000757,25.5919138678272,2.45085382461548
GMEX,Engyophrys senta,intermediate,south,block,RF,3000,0.0576666666666667,0.0136183195905434,25.5919138678272,0.915566205978394
GMEX,Engyophrys senta,intermediate,south,block,SpatialRF,3000,0.0576666666666667,0.0109375175923145,25.5919138678272,1.14179062843323
GMEX,Engyophrys senta,intermediate,south,block,BRT,3000,0.0576666666666667,0.0319423089140145,25.5919138678272,0.478614091873169
GMEX,Engyophrys senta,intermediate,south,block,MaxEntPO,3000,0.0576666666666667,0.277457155690088,25.5919138678272,0.0127918720245361
GMEX,Engyophrys senta,intermediate,south,block,SpatialGAM,3000,0.0576666666666667,0.0474536509378127,25.5919138678272,3.39483690261841
GMEX,Engyophrys senta,intermediate,south,block,GeostatGP,3000,0.0576666666666667,0.0475971459062952,25.5919138678272,2.50263690948486
GMEX,Engyophrys senta,intermediate,south,extent,RF,3000,0.0466666666666667,0.0127447611241628,25.5919138678272,0.833744049072266
GMEX,Engyophrys senta,intermediate,south,extent,SpatialRF,3000,0.0466666666666667,0.00979751467500548,25.5919138678272,1.36156630516052
GMEX,Engyophrys senta,intermediate,south,extent,BRT,3000,0.0466666666666667,0.0268770202254682,25.5919138678272,0.467514514923096
GMEX,Engyophrys senta,intermediate,south,extent,MaxEntPO,3000,0.0466666666666667,0.100736954852714,25.5919138678272,0.0124726295471191
GMEX,Engyophrys senta,intermediate,south,extent,SpatialGAM,3000,0.0466666666666667,0.0397008596574752,25.5919138678272,3.62550520896912
GMEX,Engyophrys senta,intermediate,south,extent,GeostatGP,3000,0.0466666666666667,0.0396900420491157,25.5919138678272,2.54341197013855
GMEX,Synodus foetens,common,east,block,RF,3000,0.712333333333333,0.046226945873692,175.642454302322,1.59900736808777
GMEX,Synodus foetens,common,east,block,SpatialRF,3000,0.712333333333333,0.0341946614780499,175.642454302322,2.4218864440918
GMEX,Synodus foetens,common,east,block,BRT,3000,0.712333333333333,0.135914054276733,175.642454302322,0.424127340316772
GMEX,Synodus foetens,common,east,block,MaxEntPO,3000,0.712333333333333,0.207956752582183,175.642454302322,0.0169646739959717
GMEX,Synodus foetens,common,east,block,SpatialGAM,3000,0.712333333333333,0.160151762459472,175.642454302322,4.283695936203
GMEX,Synodus foetens,common,east,block,GeostatGP,3000,0.712333333333333,0.162662397889939,175.642454302322,2.59783363342285
GMEX,Synodus foetens,common,east,extent,RF,3000,0.668666666666667,0.0443301376199823,175.642454302322,1.40907096862793
GMEX,Synodus foetens,common,east,extent,SpatialRF,3000,0.668666666666667,0.0323109113465761,175.642454302322,2.16583251953125
GMEX,Synodus foetens,common,east,extent,BRT,3000,0.668666666666667,0.12948900384561,175.642454302322,0.442745923995972
GMEX,Synodus foetens,common,east,extent,MaxEntPO,3000,0.668666666666667,0.222620036799184,175.642454302322,0.0180790424346924
GMEX,Synodus foetens,common,east,extent,SpatialGAM,3000,0.668666666666667,0.142902513601817,175.642454302322,4.17455410957336
GMEX,Synodus foetens,common,east,extent,GeostatGP,3000,0.668666666666667,0.144497845832933,175.642454302322,2.76358151435852
GMEX,Synodus foetens,common,west,block,RF,3000,0.740666666666667,0.0365829661432613,175.642454302322,1.37826204299927
GMEX,Synodus foetens,common,west,block,SpatialRF,3000,0.740666666666667,0.0300373304140854,175.642454302322,2.24216818809509
GMEX,Synodus foetens,common,west,block,BRT,3000,0.740666666666667,0.0977813847088274,175.642454302322,0.466552495956421
GMEX,Synodus foetens,common,west,block,MaxEntPO,3000,0.740666666666667,0.234730169985097,175.642454302322,0.0168790817260742
GMEX,Synodus foetens,common,west,block,SpatialGAM,3000,0.740666666666667,0.130637184272276,175.642454302322,3.65579009056091
GMEX,Synodus foetens,common,west,block,GeostatGP,3000,0.740666666666667,0.130624725978085,175.642454302322,3.02493977546692
GMEX,Synodus foetens,common,west,extent,RF,3000,0.673666666666667,0.0490392356061601,175.642454302322,1.47016739845276
GMEX,Synodus foetens,common,west,extent,SpatialRF,3000,0.673666666666667,0.0333836336322269,175.642454302322,2.2479772567749
GMEX,Synodus foetens,common,west,extent,BRT,3000,0.673666666666667,0.138710903105733,175.642454302322,0.446050405502319
GMEX,Synodus foetens,common,west,extent,MaxEntPO,3000,0.673666666666667,0.227687016970792,175.642454302322,0.0163512229919434
GMEX,Synodus foetens,common,west,extent,SpatialGAM,3000,0.673666666666667,0.150072966024049,175.642454302322,2.33896279335022
GMEX,Synodus foetens,common,west,extent,GeostatGP,3000,0.673666666666667,0.15284718879122,175.642454302322,2.73252367973328
GMEX,Synodus foetens,common,north,block,RF,3000,0.641666666666667,0.0567931464595409,175.642454302322,1.38269257545471
GMEX,Synodus foetens,common,north,block,SpatialRF,3000,0.641666666666667,0.0354785154639325,175.642454302322,2.2551429271698
GMEX,Synodus foetens,common,north,block,BRT,3000,0.641666666666667,0.143492564132732,175.642454302322,0.429735898971558
GMEX,Synodus foetens,common,north,block,MaxEntPO,3000,0.641666666666667,0.28389334067331,175.642454302322,0.0183348655700684
GMEX,Synodus foetens,common,north,block,SpatialGAM,3000,0.641666666666667,0.163722261068178,175.642454302322,3.56870865821838
GMEX,Synodus foetens,common,north,block,GeostatGP,3000,0.641666666666667,0.164589278705921,175.642454302322,2.76466155052185
GMEX,Synodus foetens,common,north,extent,RF,3000,0.688333333333333,0.0420193656754427,175.642454302322,1.49756717681885
GMEX,Synodus foetens,common,north,extent,SpatialRF,3000,0.688333333333333,0.0322197508896356,175.642454302322,2.22097849845886
GMEX,Synodus foetens,common,north,extent,BRT,3000,0.688333333333333,0.123726592630448,175.642454302322,0.445929527282715
GMEX,Synodus foetens,common,north,extent,MaxEntPO,3000,0.688333333333333,0.22035898818794,175.642454302322,0.0167248249053955
GMEX,Synodus foetens,common,north,extent,SpatialGAM,3000,0.688333333333333,0.13717262664132,175.642454302322,2.94382762908936
GMEX,Synodus foetens,common,north,extent,GeostatGP,3000,0.688333333333333,0.138166865746359,175.642454302322,2.44162344932556
GMEX,Synodus foetens,common,south,block,RF,3000,0.745333333333333,0.037604313166809,175.642454302322,1.420414686203
GMEX,Synodus foetens,common,south,block,SpatialRF,3000,0.745333333333333,0.0289146969051911,175.642454302322,2.17290878295898
GMEX,Synodus foetens,common,south,block,BRT,3000,0.745333333333333,0.108292194589132,175.642454302322,0.430408716201782
GMEX,Synodus foetens,common,south,block,MaxEntPO,3000,0.745333333333333,0.365517786801304,175.642454302322,0.0161359310150146
GMEX,Synodus foetens,common,south,block,SpatialGAM,3000,0.745333333333333,0.13128103037996,175.642454302322,3.17170357704163
GMEX,Synodus foetens,common,south,block,GeostatGP,3000,0.745333333333333,0.13269037831899,175.642454302322,2.52823567390442
GMEX,Synodus foetens,common,south,extent,RF,3000,0.668,0.047333718347305,175.642454302322,1.43870735168457
GMEX,Synodus foetens,common,south,extent,SpatialRF,3000,0.668,0.0341914803847291,175.642454302322,2.16732454299927
GMEX,Synodus foetens,common,south,extent,BRT,3000,0.668,0.137539856196588,175.642454302322,0.445084810256958
GMEX,Synodus foetens,common,south,extent,MaxEntPO,3000,0.668,0.267859333951501,175.642454302322,0.0180313587188721
GMEX,Synodus foetens,common,south,extent,SpatialGAM,3000,0.668,0.147209744529162,175.642454302322,2.21930313110352
GMEX,Synodus foetens,common,south,extent,GeostatGP,3000,0.668,0.149678783308758,175.642454302322,2.62607312202454
GMEX,Peprilus burti,common,east,block,RF,3000,0.0803333333333333,0.0166743198887472,769.727897773454,1.02398109436035
GMEX,Peprilus burti,common,east,block,SpatialRF,3000,0.0803333333333333,0.0128940944191383,769.727897773454,1.35954093933105
GMEX,Peprilus burti,common,east,block,BRT,3000,0.0803333333333333,0.0348773270111858,769.727897773454,0.41111946105957
GMEX,Peprilus burti,common,east,block,MaxEntPO,3000,0.0803333333333333,0.070908535457564,769.727897773454,0.078139066696167
GMEX,Peprilus burti,common,east,block,SpatialGAM,3000,0.0803333333333333,0.0534067725466651,769.727897773454,5.80612397193909
GMEX,Peprilus burti,common,east,block,GeostatGP,3000,0.0803333333333333,0.0538630070173801,769.727897773454,2.97436451911926
GMEX,Peprilus burti,common,east,extent,RF,3000,0.55,0.0655715504478174,769.727897773454,1.68246936798096
GMEX,Peprilus burti,common,east,extent,SpatialRF,3000,0.55,0.0507284631051852,769.727897773454,2.9694344997406
GMEX,Peprilus burti,common,east,extent,BRT,3000,0.55,0.196305470257221,769.727897773454,0.435061693191528
GMEX,Peprilus burti,common,east,extent,MaxEntPO,3000,0.55,0.245338991080037,769.727897773454,0.0212256908416748
GMEX,Peprilus burti,common,east,extent,SpatialGAM,3000,0.55,0.227911551933265,769.727897773454,2.31741118431091
GMEX,Peprilus burti,common,east,extent,GeostatGP,3000,0.55,0.229310031640811,769.727897773454,3.01715540885925
GMEX,Peprilus burti,common,west,block,RF,3000,0.591,0.0601080898133546,769.727897773454,1.63073229789734
GMEX,Peprilus burti,common,west,block,SpatialRF,3000,0.591,0.0475341417819444,769.727897773454,2.69129014015198
GMEX,Peprilus burti,common,west,block,BRT,3000,0.591,0.183843728609692,769.727897773454,0.447000741958618
GMEX,Peprilus burti,common,west,block,MaxEntPO,3000,0.591,0.254003876457002,769.727897773454,0.0156145095825195
GMEX,Peprilus burti,common,west,block,SpatialGAM,3000,0.591,0.214787661397436,769.727897773454,2.5705451965332
GMEX,Peprilus burti,common,west,block,GeostatGP,3000,0.591,0.215071216801757,769.727897773454,2.76992988586426
GMEX,Peprilus burti,common,west,extent,RF,3000,0.417333333333333,0.0634378583880808,769.727897773454,1.64784026145935
GMEX,Peprilus burti,common,west,extent,SpatialRF,3000,0.417333333333333,0.042911294087179,769.727897773454,2.33655047416687
GMEX,Peprilus burti,common,west,extent,BRT,3000,0.417333333333333,0.184782336997259,769.727897773454,0.440531730651855
GMEX,Peprilus burti,common,west,extent,MaxEntPO,3000,0.417333333333333,0.245353609382035,769.727897773454,0.0141682624816895
GMEX,Peprilus burti,common,west,extent,SpatialGAM,3000,0.417333333333333,0.184200778499833,769.727897773454,3.05129170417786
GMEX,Peprilus burti,common,west,extent,GeostatGP,3000,0.417333333333333,0.185753572307242,769.727897773454,2.66955232620239
GMEX,Peprilus burti,common,north,block,RF,3000,0.356666666666667,0.063867199348352,769.727897773454,1.48606109619141
GMEX,Peprilus burti,common,north,block,SpatialRF,3000,0.356666666666667,0.041361186664121,769.727897773454,2.33722734451294
GMEX,Peprilus burti,common,north,block,BRT,3000,0.356666666666667,0.170744609639972,769.727897773454,0.427836894989014
GMEX,Peprilus burti,common,north,block,MaxEntPO,3000,0.356666666666667,0.262279334954713,769.727897773454,0.0135707855224609
GMEX,Peprilus burti,common,north,block,SpatialGAM,3000,0.356666666666667,0.191129277075201,769.727897773454,4.39432668685913
GMEX,Peprilus burti,common,north,block,GeostatGP,3000,0.356666666666667,0.194008146022105,769.727897773454,2.41655349731445
GMEX,Peprilus burti,common,north,extent,RF,3000,0.458,0.0606462368144175,769.727897773454,1.73475241661072
GMEX,Peprilus burti,common,north,extent,SpatialRF,3000,0.458,0.0429122313282888,769.727897773454,2.45981764793396
GMEX,Peprilus burti,common,north,extent,BRT,3000,0.458,0.18814809988541,769.727897773454,0.451449871063232
GMEX,Peprilus burti,common,north,extent,MaxEntPO,3000,0.458,0.271285541048289,769.727897773454,0.0149180889129639
GMEX,Peprilus burti,common,north,extent,SpatialGAM,3000,0.458,0.191909937478989,769.727897773454,3.85240912437439
GMEX,Peprilus burti,common,north,extent,GeostatGP,3000,0.458,0.192616037744776,769.727897773454,2.37110900878906
GMEX,Peprilus burti,common,south,block,RF,3000,0.352,0.042051035866986,769.727897773454,1.50208353996277
GMEX,Peprilus burti,common,south,block,SpatialRF,3000,0.352,0.0285392054911097,769.727897773454,1.73276972770691
GMEX,Peprilus burti,common,south,block,BRT,3000,0.352,0.134546355555825,769.727897773454,0.442279100418091
GMEX,Peprilus burti,common,south,block,MaxEntPO,3000,0.352,0.231208695762607,769.727897773454,0.0154969692230225
GMEX,Peprilus burti,common,south,block,SpatialGAM,3000,0.352,0.129853201368982,769.727897773454,3.26322913169861
GMEX,Peprilus burti,common,south,block,GeostatGP,3000,0.352,0.130771501905264,769.727897773454,2.42898344993591
GMEX,Peprilus burti,common,south,extent,RF,3000,0.476333333333333,0.0632954849229042,769.727897773454,1.74592399597168
GMEX,Peprilus burti,common,south,extent,SpatialRF,3000,0.476333333333333,0.0458856810681901,769.727897773454,2.5181188583374
GMEX,Peprilus burti,common,south,extent,BRT,3000,0.476333333333333,0.194194993322811,769.727897773454,0.43679690361023
GMEX,Peprilus burti,common,south,extent,MaxEntPO,3000,0.476333333333333,0.250690319265789,769.727897773454,0.0155332088470459
GMEX,Peprilus burti,common,south,extent,SpatialGAM,3000,0.476333333333333,0.20985161548046,769.727897773454,3.12213730812073
GMEX,Peprilus burti,common,south,extent,GeostatGP,3000,0.476333333333333,0.211153471462901,769.727897773454,3.0706000328064
GMEX,Leiostomus xanthurus,common,east,block,RF,3000,0.116333333333333,0.0243300320916508,108695.941896756,1.08291745185852
GMEX,Leiostomus xanthurus,common,east,block,SpatialRF,3000,0.116333333333333,0.0165958622269576,108695.941896756,1.50276494026184
GMEX,Leiostomus xanthurus,common,east,block,BRT,3000,0.116333333333333,0.0537648113443455,108695.941896756,0.424184083938599
GMEX,Leiostomus xanthurus,common,east,block,MaxEntPO,3000,0.116333333333333,0.0941460133238119,108695.941896756,0.0145225524902344
GMEX,Leiostomus xanthurus,common,east,block,SpatialGAM,3000,0.116333333333333,0.0716109851285411,108695.941896756,5.16773009300232
GMEX,Leiostomus xanthurus,common,east,block,GeostatGP,3000,0.116333333333333,0.0732772594907648,108695.941896756,2.5534553527832
GMEX,Leiostomus xanthurus,common,east,extent,RF,3000,0.424,0.0591398310437718,108695.941896756,1.53253817558289
GMEX,Leiostomus xanthurus,common,east,extent,SpatialRF,3000,0.424,0.041376357948927,108695.941896756,2.55713629722595
GMEX,Leiostomus xanthurus,common,east,extent,BRT,3000,0.424,0.165917754484564,108695.941896756,0.460501909255981
GMEX,Leiostomus xanthurus,common,east,extent,MaxEntPO,3000,0.424,0.246278459565251,108695.941896756,0.0170068740844727
GMEX,Leiostomus xanthurus,common,east,extent,SpatialGAM,3000,0.424,0.196074218032076,108695.941896756,3.6467432975769
GMEX,Leiostomus xanthurus,common,east,extent,GeostatGP,3000,0.424,0.197448973729268,108695.941896756,2.83753323554993
GMEX,Leiostomus xanthurus,common,west,block,RF,3000,0.293333333333333,0.0452197539495448,108695.941896756,1.4119827747345
GMEX,Leiostomus xanthurus,common,west,block,SpatialRF,3000,0.293333333333333,0.0365109992583387,108695.941896756,2.4061906337738
GMEX,Leiostomus xanthurus,common,west,block,BRT,3000,0.293333333333333,0.128574166737867,108695.941896756,0.483768939971924
GMEX,Leiostomus xanthurus,common,west,block,MaxEntPO,3000,0.293333333333333,0.174552752860539,108695.941896756,0.016204833984375
GMEX,Leiostomus xanthurus,common,west,block,SpatialGAM,3000,0.293333333333333,0.167532625732126,108695.941896756,4.18138384819031
GMEX,Leiostomus xanthurus,common,west,block,GeostatGP,3000,0.293333333333333,0.167604105251157,108695.941896756,2.65800333023071
GMEX,Leiostomus xanthurus,common,west,extent,RF,3000,0.373666666666667,0.0560065010876603,108695.941896756,1.5042610168457
GMEX,Leiostomus xanthurus,common,west,extent,SpatialRF,3000,0.373666666666667,0.0363782272370857,108695.941896756,2.22965264320374
GMEX,Leiostomus xanthurus,common,west,extent,BRT,3000,0.373666666666667,0.155225626941465,108695.941896756,0.443634986877441
GMEX,Leiostomus xanthurus,common,west,extent,MaxEntPO,3000,0.373666666666667,0.256205522725746,108695.941896756,0.0155518054962158
GMEX,Leiostomus xanthurus,common,west,extent,SpatialGAM,3000,0.373666666666667,0.173882018942578,108695.941896756,3.40517115592957
GMEX,Leiostomus xanthurus,common,west,extent,GeostatGP,3000,0.373666666666667,0.175970542988687,108695.941896756,2.49027442932129
GMEX,Leiostomus xanthurus,common,north,block,RF,3000,0.359333333333333,0.0630068565940172,108695.941896756,1.40233969688416
GMEX,Leiostomus xanthurus,common,north,block,SpatialRF,3000,0.359333333333333,0.0394291352327825,108695.941896756,2.43871688842773
GMEX,Leiostomus xanthurus,common,north,block,BRT,3000,0.359333333333333,0.160440946049186,108695.941896756,0.460260152816773
GMEX,Leiostomus xanthurus,common,north,block,MaxEntPO,3000,0.359333333333333,0.242970869356367,108695.941896756,0.0191855430603027
GMEX,Leiostomus xanthurus,common,north,block,SpatialGAM,3000,0.359333333333333,0.189762288114128,108695.941896756,3.19462394714355
GMEX,Leiostomus xanthurus,common,north,block,GeostatGP,3000,0.359333333333333,0.191188486480378,108695.941896756,2.54477477073669
GMEX,Leiostomus xanthurus,common,north,extent,RF,3000,0.356,0.0528934483952737,108695.941896756,1.56454420089722
GMEX,Leiostomus xanthurus,common,north,extent,SpatialRF,3000,0.356,0.0347638137115391,108695.941896756,2.23848628997803
GMEX,Leiostomus xanthurus,common,north,extent,BRT,3000,0.356,0.151210629532664,108695.941896756,0.437002420425415
GMEX,Leiostomus xanthurus,common,north,extent,MaxEntPO,3000,0.356,0.223012188952622,108695.941896756,0.0189955234527588
GMEX,Leiostomus xanthurus,common,north,extent,SpatialGAM,3000,0.356,0.16142403531306,108695.941896756,8.83488702774048
GMEX,Leiostomus xanthurus,common,north,extent,GeostatGP,3000,0.356,0.163846758611302,108695.941896756,2.57038450241089
GMEX,Leiostomus xanthurus,common,south,block,RF,3000,0.176333333333333,0.0280089741625279,108695.941896756,1.1515793800354
GMEX,Leiostomus xanthurus,common,south,block,SpatialRF,3000,0.176333333333333,0.0228519123248253,108695.941896756,1.73396515846252
GMEX,Leiostomus xanthurus,common,south,block,BRT,3000,0.176333333333333,0.0800874268270138,108695.941896756,0.456487655639648
GMEX,Leiostomus xanthurus,common,south,block,MaxEntPO,3000,0.176333333333333,0.121747988531419,108695.941896756,0.0193474292755127
GMEX,Leiostomus xanthurus,common,south,block,SpatialGAM,3000,0.176333333333333,0.100615905263122,108695.941896756,4.42753028869629
GMEX,Leiostomus xanthurus,common,south,block,GeostatGP,3000,0.176333333333333,0.100887137088481,108695.941896756,2.79580783843994
GMEX,Leiostomus xanthurus,common,south,extent,RF,3000,0.399333333333333,0.058699540279301,108695.941896756,1.52761197090149
GMEX,Leiostomus xanthurus,common,south,extent,SpatialRF,3000,0.399333333333333,0.0393922919278022,108695.941896756,2.40267252922058
GMEX,Leiostomus xanthurus,common,south,extent,BRT,3000,0.399333333333333,0.166028489499806,108695.941896756,0.441278696060181
GMEX,Leiostomus xanthurus,common,south,extent,MaxEntPO,3000,0.399333333333333,0.233471120730881,108695.941896756,0.0172903537750244
GMEX,Leiostomus xanthurus,common,south,extent,SpatialGAM,3000,0.399333333333333,0.189235936495835,108695.941896756,3.50770545005798
GMEX,Leiostomus xanthurus,common,south,extent,GeostatGP,3000,0.399333333333333,0.193299749165208,108695.941896756,2.68650341033936
GMEX,Trachurus lathami,common,east,block,RF,3000,0.107333333333333,0.0236536692429767,59133.9985032389,1.16671228408813
GMEX,Trachurus lathami,common,east,block,SpatialRF,3000,0.107333333333333,0.0182921837275756,59133.9985032389,1.69120955467224
GMEX,Trachurus lathami,common,east,block,BRT,3000,0.107333333333333,0.0590442431574059,59133.9985032389,0.433845996856689
GMEX,Trachurus lathami,common,east,block,MaxEntPO,3000,0.107333333333333,0.0901970236601596,59133.9985032389,0.0141623020172119
GMEX,Trachurus lathami,common,east,block,SpatialGAM,3000,0.107333333333333,0.0804476982113198,59133.9985032389,3.29529547691345
GMEX,Trachurus lathami,common,east,block,GeostatGP,3000,0.107333333333333,0.0825035164778221,59133.9985032389,2.54062581062317
GMEX,Trachurus lathami,common,east,extent,RF,3000,0.364666666666667,0.0499875289521269,59133.9985032389,1.39167189598084
GMEX,Trachurus lathami,common,east,extent,SpatialRF,3000,0.364666666666667,0.0402087819844491,59133.9985032389,2.31795477867126
GMEX,Trachurus lathami,common,east,extent,BRT,3000,0.364666666666667,0.145486716693112,59133.9985032389,0.446725368499756
GMEX,Trachurus lathami,common,east,extent,MaxEntPO,3000,0.364666666666667,0.197918288150466,59133.9985032389,0.0199165344238281
GMEX,Trachurus lathami,common,east,extent,SpatialGAM,3000,0.364666666666667,0.176498765506082,59133.9985032389,3.06387734413147
GMEX,Trachurus lathami,common,east,extent,GeostatGP,3000,0.364666666666667,0.177266643722456,59133.9985032389,2.47095060348511
GMEX,Trachurus lathami,common,west,block,RF,3000,0.390666666666667,0.0498343944911614,59133.9985032389,1.36316299438477
GMEX,Trachurus lathami,common,west,block,SpatialRF,3000,0.390666666666667,0.0402591373203704,59133.9985032389,2.33369398117065
GMEX,Trachurus lathami,common,west,block,BRT,3000,0.390666666666667,0.139548698474351,59133.9985032389,0.443058252334595
GMEX,Trachurus lathami,common,west,block,MaxEntPO,3000,0.390666666666667,0.202304171496667,59133.9985032389,0.0162143707275391
GMEX,Trachurus lathami,common,west,block,SpatialGAM,3000,0.390666666666667,0.183641167154528,59133.9985032389,3.20297288894653
GMEX,Trachurus lathami,common,west,block,GeostatGP,3000,0.390666666666667,0.182903429574508,59133.9985032389,2.59021925926209
GMEX,Trachurus lathami,common,west,extent,RF,3000,0.284,0.0487520217502926,59133.9985032389,1.42294311523438
GMEX,Trachurus lathami,common,west,extent,SpatialRF,3000,0.284,0.036018551887075,59133.9985032389,2.23150610923767
GMEX,Trachurus lathami,common,west,extent,BRT,3000,0.284,0.135559275184554,59133.9985032389,0.459543943405151
GMEX,Trachurus lathami,common,west,extent,MaxEntPO,3000,0.284,0.181180591459204,59133.9985032389,0.015540599822998
GMEX,Trachurus lathami,common,west,extent,SpatialGAM,3000,0.284,0.152264444227819,59133.9985032389,2.0481276512146
GMEX,Trachurus lathami,common,west,extent,GeostatGP,3000,0.284,0.153525889267573,59133.9985032389,2.4868540763855
GMEX,Trachurus lathami,common,north,block,RF,3000,0.195666666666667,0.0421619400850876,59133.9985032389,1.27388048171997
GMEX,Trachurus lathami,common,north,block,SpatialRF,3000,0.195666666666667,0.0297699409723072,59133.9985032389,2.05823874473572
GMEX,Trachurus lathami,common,north,block,BRT,3000,0.195666666666667,0.103473744373589,59133.9985032389,0.443089008331299
GMEX,Trachurus lathami,common,north,block,MaxEntPO,3000,0.195666666666667,0.153219438762978,59133.9985032389,0.0181283950805664
GMEX,Trachurus lathami,common,north,block,SpatialGAM,3000,0.195666666666667,0.131102042057957,59133.9985032389,3.62895178794861
GMEX,Trachurus lathami,common,north,block,GeostatGP,3000,0.195666666666667,0.133055803888745,59133.9985032389,2.61151170730591
GMEX,Trachurus lathami,common,north,extent,RF,3000,0.306666666666667,0.0482391450030842,59133.9985032389,1.5147488117218
GMEX,Trachurus lathami,common,north,extent,SpatialRF,3000,0.306666666666667,0.0367700734448488,59133.9985032389,2.21720862388611
GMEX,Trachurus lathami,common,north,extent,BRT,3000,0.306666666666667,0.142657901069638,59133.9985032389,0.456589937210083
GMEX,Trachurus lathami,common,north,extent,MaxEntPO,3000,0.306666666666667,0.190690453115295,59133.9985032389,0.0158219337463379
GMEX,Trachurus lathami,common,north,extent,SpatialGAM,3000,0.306666666666667,0.159207064032879,59133.9985032389,4.84789180755615
GMEX,Trachurus lathami,common,north,extent,GeostatGP,3000,0.306666666666667,0.159551124933786,59133.9985032389,2.67955470085144
GMEX,Trachurus lathami,common,south,block,RF,3000,0.29,0.0416854957934553,59133.9985032389,1.46713709831238
GMEX,Trachurus lathami,common,south,block,SpatialRF,3000,0.29,0.0307970677047126,59133.9985032389,2.07613849639893
GMEX,Trachurus lathami,common,south,block,BRT,3000,0.29,0.120297830960282,59133.9985032389,0.473849296569824
GMEX,Trachurus lathami,common,south,block,MaxEntPO,3000,0.29,0.200507572452498,59133.9985032389,0.0160882472991943
GMEX,Trachurus lathami,common,south,block,SpatialGAM,3000,0.29,0.140438703790358,59133.9985032389,2.68513011932373
GMEX,Trachurus lathami,common,south,block,GeostatGP,3000,0.29,0.139978031371647,59133.9985032389,2.42875790596008
GMEX,Trachurus lathami,common,south,extent,RF,3000,0.290666666666667,0.046979673057458,59133.9985032389,1.40513777732849
GMEX,Trachurus lathami,common,south,extent,SpatialRF,3000,0.290666666666667,0.0350182833211194,59133.9985032389,2.21016192436218
GMEX,Trachurus lathami,common,south,extent,BRT,3000,0.290666666666667,0.136366126292763,59133.9985032389,0.448501586914063
GMEX,Trachurus lathami,common,south,extent,MaxEntPO,3000,0.290666666666667,0.191898139096608,59133.9985032389,0.0174727439880371
GMEX,Trachurus lathami,common,south,extent,SpatialGAM,3000,0.290666666666667,0.153103741156854,59133.9985032389,5.12247443199158
GMEX,Trachurus lathami,common,south,extent,GeostatGP,3000,0.290666666666667,0.154004780270668,59133.9985032389,2.4765796661377
GMEX,Diplectrum bivittatum,common,east,block,RF,3000,0.122666666666667,0.0265242602733425,809.024829321307,1.12686824798584
GMEX,Diplectrum bivittatum,common,east,block,SpatialRF,3000,0.122666666666667,0.014138840156461,809.024829321307,1.44429087638855
GMEX,Diplectrum bivittatum,common,east,block,BRT,3000,0.122666666666667,0.0624279297893482,809.024829321307,0.427988052368164
GMEX,Diplectrum bivittatum,common,east,block,MaxEntPO,3000,0.122666666666667,0.101913306167268,809.024829321307,0.0131919384002686
GMEX,Diplectrum bivittatum,common,east,block,SpatialGAM,3000,0.122666666666667,0.0688573280742194,809.024829321307,4.33347296714783
GMEX,Diplectrum bivittatum,common,east,block,GeostatGP,3000,0.122666666666667,0.0686544617774299,809.024829321307,2.91247701644897
GMEX,Diplectrum bivittatum,common,east,extent,RF,3000,0.323,0.0400265160946961,809.024829321307,1.34836292266846
GMEX,Diplectrum bivittatum,common,east,extent,SpatialRF,3000,0.323,0.0292599533244634,809.024829321307,2.12442517280579
GMEX,Diplectrum bivittatum,common,east,extent,BRT,3000,0.323,0.119464631057048,809.024829321307,0.463201522827148
GMEX,Diplectrum bivittatum,common,east,extent,MaxEntPO,3000,0.323,0.179399928925724,809.024829321307,0.0151634216308594
GMEX,Diplectrum bivittatum,common,east,extent,SpatialGAM,3000,0.323,0.142123865858279,809.024829321307,3.3124852180481
GMEX,Diplectrum bivittatum,common,east,extent,GeostatGP,3000,0.323,0.142427393227096,809.024829321307,2.87928152084351
GMEX,Diplectrum bivittatum,common,west,block,RF,3000,0.44,0.0335490996131816,809.024829321307,1.17493462562561
GMEX,Diplectrum bivittatum,common,west,block,SpatialRF,3000,0.44,0.0261920575986202,809.024829321307,2.0791027545929
GMEX,Diplectrum bivittatum,common,west,block,BRT,3000,0.44,0.0930534136590081,809.024829321307,0.468518972396851
GMEX,Diplectrum bivittatum,common,west,block,MaxEntPO,3000,0.44,0.167502955139788,809.024829321307,0.0172173976898193
GMEX,Diplectrum bivittatum,common,west,block,SpatialGAM,3000,0.44,0.125778752708427,809.024829321307,4.1072154045105
GMEX,Diplectrum bivittatum,common,west,block,GeostatGP,3000,0.44,0.127573367498218,809.024829321307,2.51042294502258
GMEX,Diplectrum bivittatum,common,west,extent,RF,3000,0.251333333333333,0.0380953756160825,809.024829321307,1.28037405014038
GMEX,Diplectrum bivittatum,common,west,extent,SpatialRF,3000,0.251333333333333,0.0261666162778464,809.024829321307,1.97255730628967
GMEX,Diplectrum bivittatum,common,west,extent,BRT,3000,0.251333333333333,0.106925234238133,809.024829321307,0.456334352493286
GMEX,Diplectrum bivittatum,common,west,extent,MaxEntPO,3000,0.251333333333333,0.178729853398607,809.024829321307,0.0147638320922852
GMEX,Diplectrum bivittatum,common,west,extent,SpatialGAM,3000,0.251333333333333,0.122129125705067,809.024829321307,2.68019604682922
GMEX,Diplectrum bivittatum,common,west,extent,GeostatGP,3000,0.251333333333333,0.125462272545972,809.024829321307,2.94128155708313
GMEX,Diplectrum bivittatum,common,north,block,RF,3000,0.333333333333333,0.051592956374589,809.024829321307,1.31257843971252
GMEX,Diplectrum bivittatum,common,north,block,SpatialRF,3000,0.333333333333333,0.0291428441640178,809.024829321307,2.07724571228027
GMEX,Diplectrum bivittatum,common,north,block,BRT,3000,0.333333333333333,0.123857822107313,809.024829321307,0.470302820205689
GMEX,Diplectrum bivittatum,common,north,block,MaxEntPO,3000,0.333333333333333,0.216192530718478,809.024829321307,0.0150594711303711
GMEX,Diplectrum bivittatum,common,north,block,SpatialGAM,3000,0.333333333333333,0.141842814601868,809.024829321307,6.07427096366882
GMEX,Diplectrum bivittatum,common,north,block,GeostatGP,3000,0.333333333333333,0.146957001122312,809.024829321307,2.4522442817688
GMEX,Diplectrum bivittatum,common,north,extent,RF,3000,0.266333333333333,0.0358046491980068,809.024829321307,1.28843855857849
GMEX,Diplectrum bivittatum,common,north,extent,SpatialRF,3000,0.266333333333333,0.0265132508741317,809.024829321307,1.95340633392334
GMEX,Diplectrum bivittatum,common,north,extent,BRT,3000,0.266333333333333,0.107441139485192,809.024829321307,0.462058305740356
GMEX,Diplectrum bivittatum,common,north,extent,MaxEntPO,3000,0.266333333333333,0.186711441497625,809.024829321307,0.0158736705780029
GMEX,Diplectrum bivittatum,common,north,extent,SpatialGAM,3000,0.266333333333333,0.123151324583749,809.024829321307,5.06089639663696
GMEX,Diplectrum bivittatum,common,north,extent,GeostatGP,3000,0.266333333333333,0.123653231232488,809.024829321307,2.50008153915405
GMEX,Diplectrum bivittatum,common,south,block,RF,3000,0.285,0.0271094539700087,809.024829321307,1.13670802116394
GMEX,Diplectrum bivittatum,common,south,block,SpatialRF,3000,0.285,0.0188281838674186,809.024829321307,1.57389330863953
GMEX,Diplectrum bivittatum,common,south,block,BRT,3000,0.285,0.0741433721242195,809.024829321307,0.456711053848267
GMEX,Diplectrum bivittatum,common,south,block,MaxEntPO,3000,0.285,0.151877080210618,809.024829321307,0.0166382789611816
GMEX,Diplectrum bivittatum,common,south,block,SpatialGAM,3000,0.285,0.0869640443055157,809.024829321307,3.30599641799927
GMEX,Diplectrum bivittatum,common,south,block,GeostatGP,3000,0.285,0.0879575750267741,809.024829321307,2.44778370857239
GMEX,Diplectrum bivittatum,common,south,extent,RF,3000,0.277,0.0417008496500697,809.024829321307,1.2907440662384
GMEX,Diplectrum bivittatum,common,south,extent,SpatialRF,3000,0.277,0.0279500528363343,809.024829321307,2.04320573806763
GMEX,Diplectrum bivittatum,common,south,extent,BRT,3000,0.277,0.117859157845655,809.024829321307,0.463880300521851
GMEX,Diplectrum bivittatum,common,south,extent,MaxEntPO,3000,0.277,0.190755679466041,809.024829321307,0.0145454406738281
GMEX,Diplectrum bivittatum,common,south,extent,SpatialGAM,3000,0.277,0.13276072795765,809.024829321307,3.6153085231781
GMEX,Diplectrum bivittatum,common,south,extent,GeostatGP,3000,0.277,0.134289061940663,809.024829321307,2.40062999725342
NEUS,Myctophidae,rare,east,block,RF,3000,0.0463333333333333,0.0103495573820505,570.477015557748,0.818549871444702
NEUS,Myctophidae,rare,east,block,SpatialRF,3000,0.0463333333333333,0.00897015364754869,570.477015557748,1.2785108089447
NEUS,Myctophidae,rare,east,block,BRT,3000,0.0463333333333333,0.0219923559354892,570.477015557748,0.446587562561035
NEUS,Myctophidae,rare,east,block,MaxEntPO,3000,0.0463333333333333,0.0398973667686975,570.477015557748,0.0131638050079346
NEUS,Myctophidae,rare,east,block,SpatialGAM,3000,0.0463333333333333,0.0365555090326108,570.477015557748,4.31405782699585
NEUS,Myctophidae,rare,east,block,GeostatGP,3000,0.0463333333333333,0.0364113631158214,570.477015557748,2.62571883201599
NEUS,Myctophidae,rare,east,extent,RF,3000,0.0513333333333333,0.00920262992658141,570.477015557748,0.650803804397583
NEUS,Myctophidae,rare,east,extent,SpatialRF,3000,0.0513333333333333,0.00798382357482911,570.477015557748,1.03026175498962
NEUS,Myctophidae,rare,east,extent,BRT,3000,0.0513333333333333,0.0199843610523622,570.477015557748,0.415515661239624
NEUS,Myctophidae,rare,east,extent,MaxEntPO,3000,0.0513333333333333,0.0424833184139937,570.477015557748,0.0138571262359619
NEUS,Myctophidae,rare,east,extent,SpatialGAM,3000,0.0513333333333333,0.0328299954503913,570.477015557748,4.51341342926025
NEUS,Myctophidae,rare,east,extent,GeostatGP,3000,0.0513333333333333,0.0325101403150538,570.477015557748,2.45853304862976
NEUS,Myctophidae,rare,west,block,RF,3000,0.0636666666666667,0.00952219943806643,570.477015557748,0.616255044937134
NEUS,Myctophidae,rare,west,block,SpatialRF,3000,0.0636666666666667,0.00831431376094537,570.477015557748,0.880775690078735
NEUS,Myctophidae,rare,west,block,BRT,3000,0.0636666666666667,0.0187897890479523,570.477015557748,0.415017604827881
NEUS,Myctophidae,rare,west,block,MaxEntPO,3000,0.0636666666666667,0.0398447920468266,570.477015557748,0.0149345397949219
NEUS,Myctophidae,rare,west,block,SpatialGAM,3000,0.0636666666666667,0.0343709358595691,570.477015557748,3.50565981864929
NEUS,Myctophidae,rare,west,block,GeostatGP,3000,0.0636666666666667,0.0344377128828259,570.477015557748,2.37560796737671
NEUS,Myctophidae,rare,west,extent,RF,3000,0.047,0.00913315319608436,570.477015557748,0.676466226577759
NEUS,Myctophidae,rare,west,extent,SpatialRF,3000,0.047,0.00709941744364733,570.477015557748,1.14810943603516
NEUS,Myctophidae,rare,west,extent,BRT,3000,0.047,0.0176688555964607,570.477015557748,0.422938585281372
NEUS,Myctophidae,rare,west,extent,MaxEntPO,3000,0.047,0.0393070062200062,570.477015557748,0.0143969058990479
NEUS,Myctophidae,rare,west,extent,SpatialGAM,3000,0.047,0.0306256740536928,570.477015557748,4.35568737983704
NEUS,Myctophidae,rare,west,extent,GeostatGP,3000,0.047,0.0312284874082733,570.477015557748,2.70444226264954
NEUS,Myctophidae,rare,north,block,RF,3000,0.0296666666666667,0.0080080002269677,570.477015557748,0.697302341461182
NEUS,Myctophidae,rare,north,block,SpatialRF,3000,0.0296666666666667,0.00644060093431241,570.477015557748,1.14853549003601
NEUS,Myctophidae,rare,north,block,BRT,3000,0.0296666666666667,0.0146415396213708,570.477015557748,0.419239521026611
NEUS,Myctophidae,rare,north,block,MaxEntPO,3000,0.0296666666666667,0.0296040942691311,570.477015557748,0.0127408504486084
NEUS,Myctophidae,rare,north,block,SpatialGAM,3000,0.0296666666666667,0.0271769067515081,570.477015557748,2.99089407920837
NEUS,Myctophidae,rare,north,block,GeostatGP,3000,0.0296666666666667,0.0275252525156319,570.477015557748,3.12641191482544
NEUS,Myctophidae,rare,north,extent,RF,3000,0.0543333333333333,0.0095203230607354,570.477015557748,0.693592309951782
NEUS,Myctophidae,rare,north,extent,SpatialRF,3000,0.0543333333333333,0.00795749998234655,570.477015557748,1.15499591827393
NEUS,Myctophidae,rare,north,extent,BRT,3000,0.0543333333333333,0.0193057249696613,570.477015557748,0.439196109771729
NEUS,Myctophidae,rare,north,extent,MaxEntPO,3000,0.0543333333333333,0.0424060506449853,570.477015557748,0.0141658782958984
NEUS,Myctophidae,rare,north,extent,SpatialGAM,3000,0.0543333333333333,0.0337855401570397,570.477015557748,5.1442596912384
NEUS,Myctophidae,rare,north,extent,GeostatGP,3000,0.0543333333333333,0.0328965095292955,570.477015557748,2.50909852981567
NEUS,Myctophidae,rare,south,block,RF,3000,0.093,0.0127820508693114,570.477015557748,0.723078489303589
NEUS,Myctophidae,rare,south,block,SpatialRF,3000,0.093,0.0120318562144751,570.477015557748,1.11980867385864
NEUS,Myctophidae,rare,south,block,BRT,3000,0.093,0.0301711992543665,570.477015557748,0.413879871368408
NEUS,Myctophidae,rare,south,block,MaxEntPO,3000,0.093,0.0560984891412337,570.477015557748,0.0171890258789063
NEUS,Myctophidae,rare,south,block,SpatialGAM,3000,0.093,0.0484758446688146,570.477015557748,4.27433013916016
NEUS,Myctophidae,rare,south,block,GeostatGP,3000,0.093,0.0487629261668336,570.477015557748,2.30390286445618
NEUS,Myctophidae,rare,south,extent,RF,3000,0.042,0.00873702907619177,570.477015557748,0.686746120452881
NEUS,Myctophidae,rare,south,extent,SpatialRF,3000,0.042,0.00725450013049818,570.477015557748,1.10628771781921
NEUS,Myctophidae,rare,south,extent,BRT,3000,0.042,0.0175659179721693,570.477015557748,0.422215461730957
NEUS,Myctophidae,rare,south,extent,MaxEntPO,3000,0.042,0.0359753745434609,570.477015557748,0.0126702785491943
NEUS,Myctophidae,rare,south,extent,SpatialGAM,3000,0.042,0.0307659492943359,570.477015557748,3.56951761245728
NEUS,Myctophidae,rare,south,extent,GeostatGP,3000,0.042,0.0307709831118332,570.477015557748,2.30977272987366
NEUS,Merluccius albidus,rare,east,block,RF,3000,0.0163333333333333,0.00422298818557914,259486.935079635,0.5468590259552
NEUS,Merluccius albidus,rare,east,block,SpatialRF,3000,0.0163333333333333,0.00291677715287622,259486.935079635,0.748571872711182
NEUS,Merluccius albidus,rare,east,block,BRT,3000,0.0163333333333333,0.00482964586313365,259486.935079635,0.422906398773193
NEUS,Merluccius albidus,rare,east,block,MaxEntPO,3000,0.0163333333333333,0.0302309422506337,259486.935079635,0.0138211250305176
NEUS,Merluccius albidus,rare,east,block,SpatialGAM,3000,0.0163333333333333,0.0111354443331985,259486.935079635,2.32168221473694
NEUS,Merluccius albidus,rare,east,block,GeostatGP,3000,0.0163333333333333,0.0112654775656606,259486.935079635,2.64411997795105
NEUS,Merluccius albidus,rare,east,extent,RF,3000,0.0446666666666667,0.00645533861235362,259486.935079635,0.56141209602356
NEUS,Merluccius albidus,rare,east,extent,SpatialRF,3000,0.0446666666666667,0.0044853062842547,259486.935079635,0.876473188400269
NEUS,Merluccius albidus,rare,east,extent,BRT,3000,0.0446666666666667,0.0102347006234085,259486.935079635,0.424243688583374
NEUS,Merluccius albidus,rare,east,extent,MaxEntPO,3000,0.0446666666666667,0.0362925939632812,259486.935079635,0.0144720077514648
NEUS,Merluccius albidus,rare,east,extent,SpatialGAM,3000,0.0446666666666667,0.0174192830203774,259486.935079635,6.34980964660645
NEUS,Merluccius albidus,rare,east,extent,GeostatGP,3000,0.0446666666666667,0.0176281311327019,259486.935079635,2.53608202934265
NEUS,Merluccius albidus,rare,west,block,RF,3000,0.0323333333333333,0.00361935004123714,259486.935079635,0.483181238174439
NEUS,Merluccius albidus,rare,west,block,SpatialRF,3000,0.0323333333333333,0.00334352939731221,259486.935079635,0.725888729095459
NEUS,Merluccius albidus,rare,west,block,BRT,3000,0.0323333333333333,0.00375875524240591,259486.935079635,0.411355972290039
NEUS,Merluccius albidus,rare,west,block,MaxEntPO,3000,0.0323333333333333,0.0283272499750941,259486.935079635,0.0154597759246826
NEUS,Merluccius albidus,rare,west,block,SpatialGAM,3000,0.0323333333333333,0.0150128094516338,259486.935079635,4.23973226547241
NEUS,Merluccius albidus,rare,west,block,GeostatGP,3000,0.0323333333333333,0.0149850985908523,259486.935079635,2.83882856369019
NEUS,Merluccius albidus,rare,west,extent,RF,3000,0.0376666666666667,0.00645355474307003,259486.935079635,0.582884550094605
NEUS,Merluccius albidus,rare,west,extent,SpatialRF,3000,0.0376666666666667,0.00432521834020629,259486.935079635,0.820293188095093
NEUS,Merluccius albidus,rare,west,extent,BRT,3000,0.0376666666666667,0.0117017715434723,259486.935079635,0.431854248046875
NEUS,Merluccius albidus,rare,west,extent,MaxEntPO,3000,0.0376666666666667,0.0329150434054892,259486.935079635,0.0156121253967285
NEUS,Merluccius albidus,rare,west,extent,SpatialGAM,3000,0.0376666666666667,0.0164292909352615,259486.935079635,6.82177042961121
NEUS,Merluccius albidus,rare,west,extent,GeostatGP,3000,0.0376666666666667,0.0165300716056056,259486.935079635,3.15787196159363
NEUS,Merluccius albidus,rare,north,block,RF,3000,0.004,0.00139291215050071,259486.935079635,0.389857769012451
NEUS,Merluccius albidus,rare,north,block,SpatialRF,3000,0.004,0.00100390912356688,259486.935079635,0.540780544281006
NEUS,Merluccius albidus,rare,north,block,BRT,3000,0.004,8.49234634435169e-05,259486.935079635,0.422854661941528
NEUS,Merluccius albidus,rare,north,block,MaxEntPO,3000,0.004,0.3985194364231,259486.935079635,0.0125918388366699
NEUS,Merluccius albidus,rare,north,block,SpatialGAM,3000,0.004,0.00385538775248757,259486.935079635,2.69062399864197
NEUS,Merluccius albidus,rare,north,block,GeostatGP,3000,0.004,0.00379949041733432,259486.935079635,2.36696147918701
NEUS,Merluccius albidus,rare,north,extent,RF,3000,0.0413333333333333,0.00596936678123329,259486.935079635,0.584396839141846
NEUS,Merluccius albidus,rare,north,extent,SpatialRF,3000,0.0413333333333333,0.004242014497197,259486.935079635,0.899957418441773
NEUS,Merluccius albidus,rare,north,extent,BRT,3000,0.0413333333333333,0.00906217472304768,259486.935079635,0.413379192352295
NEUS,Merluccius albidus,rare,north,extent,MaxEntPO,3000,0.0413333333333333,0.0330917014146102,259486.935079635,0.0145084857940674
NEUS,Merluccius albidus,rare,north,extent,SpatialGAM,3000,0.0413333333333333,0.0187285688295063,259486.935079635,4.09453082084656
NEUS,Merluccius albidus,rare,north,extent,GeostatGP,3000,0.0413333333333333,0.0186395408596616,259486.935079635,3.06720590591431
NEUS,Merluccius albidus,rare,south,block,RF,3000,0.0463333333333333,0.00609802432119172,259486.935079635,0.503842830657959
NEUS,Merluccius albidus,rare,south,block,SpatialRF,3000,0.0463333333333333,0.005174884881746,259486.935079635,0.784532308578491
NEUS,Merluccius albidus,rare,south,block,BRT,3000,0.0463333333333333,0.00862642629480386,259486.935079635,0.4444739818573
NEUS,Merluccius albidus,rare,south,block,MaxEntPO,3000,0.0463333333333333,0.0354058165835738,259486.935079635,0.0209736824035645
NEUS,Merluccius albidus,rare,south,block,SpatialGAM,3000,0.0463333333333333,0.0221354544732585,259486.935079635,4.65205240249634
NEUS,Merluccius albidus,rare,south,block,GeostatGP,3000,0.0463333333333333,0.0214351701630563,259486.935079635,2.63634920120239
NEUS,Merluccius albidus,rare,south,extent,RF,3000,0.0343333333333333,0.00605602091404174,259486.935079635,0.580518484115601
NEUS,Merluccius albidus,rare,south,extent,SpatialRF,3000,0.0343333333333333,0.00408611492017663,259486.935079635,0.86597752571106
NEUS,Merluccius albidus,rare,south,extent,BRT,3000,0.0343333333333333,0.00935689564169365,259486.935079635,0.437691450119019
NEUS,Merluccius albidus,rare,south,extent,MaxEntPO,3000,0.0343333333333333,0.0295159743823774,259486.935079635,0.0152614116668701
NEUS,Merluccius albidus,rare,south,extent,SpatialGAM,3000,0.0343333333333333,0.0161715494857348,259486.935079635,4.99135541915894
NEUS,Merluccius albidus,rare,south,extent,GeostatGP,3000,0.0343333333333333,0.0162614912705934,259486.935079635,2.53200793266296
NEUS,Decapterus punctatus,rare,east,block,RF,3000,0.00166666666666667,0.000589552848613442,569.271918846483,0.270287036895752
NEUS,Decapterus punctatus,rare,east,block,SpatialRF,3000,0.00166666666666667,0.000398140327958704,569.271918846483,0.329844951629639
NEUS,Decapterus punctatus,rare,east,block,BRT,3000,0.00166666666666667,6.83681805655557e-06,569.271918846483,0.410955667495728
NEUS,Decapterus punctatus,rare,east,block,MaxEntPO,3000,0.00166666666666667,0.399135999030966,569.271918846483,0.0113396644592285
NEUS,Decapterus punctatus,rare,east,block,SpatialGAM,3000,0.00166666666666667,0.0016282970481919,569.271918846483,4.36817002296448
NEUS,Decapterus punctatus,rare,east,block,GeostatGP,3000,0.00166666666666667,0.00162674564879134,569.271918846483,2.67965006828308
NEUS,Decapterus punctatus,rare,east,extent,RF,3000,0.0396666666666667,0.00836114607780674,569.271918846483,0.559555292129517
NEUS,Decapterus punctatus,rare,east,extent,SpatialRF,3000,0.0396666666666667,0.00629896191830344,569.271918846483,0.993737459182739
NEUS,Decapterus punctatus,rare,east,extent,BRT,3000,0.0396666666666667,0.0135813858872225,569.271918846483,0.43692946434021
NEUS,Decapterus punctatus,rare,east,extent,MaxEntPO,3000,0.0396666666666667,0.0292198844217743,569.271918846483,0.0145742893218994
NEUS,Decapterus punctatus,rare,east,extent,SpatialGAM,3000,0.0396666666666667,0.0267012640489028,569.271918846483,4.01412439346314
NEUS,Decapterus punctatus,rare,east,extent,GeostatGP,3000,0.0396666666666667,0.0266623743179072,569.271918846483,2.67682194709778
NEUS,Decapterus punctatus,rare,west,block,RF,3000,0.108333333333333,0.0211265826018726,569.271918846483,0.817670106887817
NEUS,Decapterus punctatus,rare,west,block,SpatialRF,3000,0.108333333333333,0.0148527589879185,569.271918846483,1.35907745361328
NEUS,Decapterus punctatus,rare,west,block,BRT,3000,0.108333333333333,0.0472979557088862,569.271918846483,0.471581935882568
NEUS,Decapterus punctatus,rare,west,block,MaxEntPO,3000,0.108333333333333,0.0791357033304042,569.271918846483,0.0139319896697998
NEUS,Decapterus punctatus,rare,west,block,SpatialGAM,3000,0.108333333333333,0.0657799495795593,569.271918846483,5.84166240692139
NEUS,Decapterus punctatus,rare,west,block,GeostatGP,3000,0.108333333333333,0.0669542678367461,569.271918846483,2.60612940788269
NEUS,Decapterus punctatus,rare,west,extent,RF,3000,0.012,0.00308069218848989,569.271918846483,0.443660497665405
NEUS,Decapterus punctatus,rare,west,extent,SpatialRF,3000,0.012,0.00255437762587752,569.271918846483,0.623470783233643
NEUS,Decapterus punctatus,rare,west,extent,BRT,3000,0.012,0.00206500946059104,569.271918846483,0.389364242553711
NEUS,Decapterus punctatus,rare,west,extent,MaxEntPO,3000,0.012,0.0125934341395053,569.271918846483,0.0131325721740723
NEUS,Decapterus punctatus,rare,west,extent,SpatialGAM,3000,0.012,0.0104292078732286,569.271918846483,2.92104601860046
NEUS,Decapterus punctatus,rare,west,extent,GeostatGP,3000,0.012,0.0103966826027504,569.271918846483,2.64704704284668
NEUS,Decapterus punctatus,rare,north,extent,RF,3000,0.0353333333333333,0.00789863608713111,569.271918846483,0.577737808227539
NEUS,Decapterus punctatus,rare,north,extent,SpatialRF,3000,0.0353333333333333,0.00653376314124374,569.271918846483,0.935873031616211
NEUS,Decapterus punctatus,rare,north,extent,BRT,3000,0.0353333333333333,0.0128221479733918,569.271918846483,0.441729307174683
NEUS,Decapterus punctatus,rare,north,extent,MaxEntPO,3000,0.0353333333333333,0.0271820051480939,569.271918846483,0.0155589580535889
NEUS,Decapterus punctatus,rare,north,extent,SpatialGAM,3000,0.0353333333333333,0.0259320374906846,569.271918846483,3.19748783111572
NEUS,Decapterus punctatus,rare,north,extent,GeostatGP,3000,0.0353333333333333,0.0257657863617984,569.271918846483,2.6921980381012
NEUS,Decapterus punctatus,rare,south,block,RF,3000,0.102333333333333,0.0186201286465316,569.271918846483,0.815552234649658
NEUS,Decapterus punctatus,rare,south,block,SpatialRF,3000,0.102333333333333,0.0143307577049894,569.271918846483,1.294025182724
NEUS,Decapterus punctatus,rare,south,block,BRT,3000,0.102333333333333,0.0412702718437462,569.271918846483,0.482194662094116
NEUS,Decapterus punctatus,rare,south,block,MaxEntPO,3000,0.102333333333333,0.0718994034883996,569.271918846483,0.0151100158691406
NEUS,Decapterus punctatus,rare,south,block,SpatialGAM,3000,0.102333333333333,0.0596689869471942,569.271918846483,4.20966482162476
NEUS,Decapterus punctatus,rare,south,block,GeostatGP,3000,0.102333333333333,0.0614791517394193,569.271918846483,2.71159243583679
NEUS,Decapterus punctatus,rare,south,extent,RF,3000,0.013,0.00309788550746824,569.271918846483,0.472252130508423
NEUS,Decapterus punctatus,rare,south,extent,SpatialRF,3000,0.013,0.00287640465957489,569.271918846483,0.616141080856323
NEUS,Decapterus punctatus,rare,south,extent,BRT,3000,0.013,0.00208102889226373,569.271918846483,0.416290998458862
NEUS,Decapterus punctatus,rare,south,extent,MaxEntPO,3000,0.013,0.0131091372873416,569.271918846483,0.0151922702789307
NEUS,Decapterus punctatus,rare,south,extent,SpatialGAM,3000,0.013,0.0110921201651893,569.271918846483,3.09100651741028
NEUS,Decapterus punctatus,rare,south,extent,GeostatGP,3000,0.013,0.0111145498882242,569.271918846483,2.91607761383057
NEUS,Phycis chesteri,rare,east,block,RF,3000,0.074,0.00997334652049585,237685.157997908,0.663151502609253
NEUS,Phycis chesteri,rare,east,block,SpatialRF,3000,0.074,0.00817731546832182,237685.157997908,1.07365345954895
NEUS,Phycis chesteri,rare,east,block,BRT,3000,0.074,0.0198916633991728,237685.157997908,0.426716089248657
NEUS,Phycis chesteri,rare,east,block,MaxEntPO,3000,0.074,0.0636140347672689,237685.157997908,0.0751338005065918
NEUS,Phycis chesteri,rare,east,block,SpatialGAM,3000,0.074,0.0348886837203632,237685.157997908,5.5413932800293
NEUS,Phycis chesteri,rare,east,block,GeostatGP,3000,0.074,0.0353032607622877,237685.157997908,3.28600716590881
NEUS,Phycis chesteri,rare,east,extent,RF,3000,0.01,0.00217670438854878,237685.157997908,0.455135107040405
NEUS,Phycis chesteri,rare,east,extent,SpatialRF,3000,0.01,0.00186533504877948,237685.157997908,0.698013067245483
NEUS,Phycis chesteri,rare,east,extent,BRT,3000,0.01,0.00112382834143532,237685.157997908,0.416702508926392
NEUS,Phycis chesteri,rare,east,extent,MaxEntPO,3000,0.01,0.00891254541164171,237685.157997908,0.0192680358886719
NEUS,Phycis chesteri,rare,east,extent,SpatialGAM,3000,0.01,0.0076239386321072,237685.157997908,5.36266946792603
NEUS,Phycis chesteri,rare,east,extent,GeostatGP,3000,0.01,0.00732456085517948,237685.157997908,3.78107166290283
NEUS,Phycis chesteri,rare,west,block,RF,3000,0.00466666666666667,0.00102051743319565,237685.157997908,0.337791681289673
NEUS,Phycis chesteri,rare,west,block,SpatialRF,3000,0.00466666666666667,0.0010194229778677,237685.157997908,0.460082292556763
NEUS,Phycis chesteri,rare,west,block,BRT,3000,0.00466666666666667,3.77471389275857e-05,237685.157997908,0.403192043304443
NEUS,Phycis chesteri,rare,west,block,MaxEntPO,3000,0.00466666666666667,0.0045954428545047,237685.157997908,0.0240283012390137
NEUS,Phycis chesteri,rare,west,block,SpatialGAM,3000,0.00466666666666667,0.00368168682010363,237685.157997908,4.07878088951111
NEUS,Phycis chesteri,rare,west,block,GeostatGP,3000,0.00466666666666667,0.00328688115081621,237685.157997908,2.60966300964355
NEUS,Phycis chesteri,rare,west,extent,RF,3000,0.024,0.00374422100497578,237685.157997908,0.464369535446167
NEUS,Phycis chesteri,rare,west,extent,SpatialRF,3000,0.024,0.00300131933618755,237685.157997908,0.739671468734741
NEUS,Phycis chesteri,rare,west,extent,BRT,3000,0.024,0.00373242979570737,237685.157997908,0.389010906219482
NEUS,Phycis chesteri,rare,west,extent,MaxEntPO,3000,0.024,0.0181724301429893,237685.157997908,0.0137746334075928
NEUS,Phycis chesteri,rare,west,extent,SpatialGAM,3000,0.024,0.012400090245465,237685.157997908,2.62523531913757
NEUS,Phycis chesteri,rare,west,extent,GeostatGP,3000,0.024,0.0124936032146031,237685.157997908,2.73100256919861
NEUS,Phycis chesteri,rare,north,block,RF,3000,0.0546666666666667,0.00831670764693638,237685.157997908,0.593535661697388
NEUS,Phycis chesteri,rare,north,block,SpatialRF,3000,0.0546666666666667,0.00647703081811366,237685.157997908,0.915469646453857
NEUS,Phycis chesteri,rare,north,block,BRT,3000,0.0546666666666667,0.0158029457255035,237685.157997908,0.411173582077026
NEUS,Phycis chesteri,rare,north,block,MaxEntPO,3000,0.0546666666666667,0.0444377470782536,237685.157997908,0.0151941776275635
NEUS,Phycis chesteri,rare,north,block,SpatialGAM,3000,0.0546666666666667,0.0268292338313362,237685.157997908,6.22125291824341
NEUS,Phycis chesteri,rare,north,block,GeostatGP,3000,0.0546666666666667,0.0264958117120947,237685.157997908,3.07218170166016
NEUS,Phycis chesteri,rare,north,extent,RF,3000,0.014,0.00280972950273678,237685.157997908,0.401360034942627
NEUS,Phycis chesteri,rare,north,extent,SpatialRF,3000,0.014,0.00240618379140941,237685.157997908,0.674585103988648
NEUS,Phycis chesteri,rare,north,extent,BRT,3000,0.014,0.00168024323839872,237685.157997908,0.407615423202515
NEUS,Phycis chesteri,rare,north,extent,MaxEntPO,3000,0.014,0.0115661325585565,237685.157997908,0.0151126384735107
NEUS,Phycis chesteri,rare,north,extent,SpatialGAM,3000,0.014,0.00920636374950981,237685.157997908,5.16138577461243
NEUS,Phycis chesteri,rare,north,extent,GeostatGP,3000,0.014,0.00943004624880001,237685.157997908,2.71389842033386
NEUS,Phycis chesteri,rare,south,block,RF,3000,0.00866666666666667,0.00192949860779698,237685.157997908,0.39280104637146
NEUS,Phycis chesteri,rare,south,block,SpatialRF,3000,0.00866666666666667,0.00191717568110704,237685.157997908,0.559559106826782
NEUS,Phycis chesteri,rare,south,block,BRT,3000,0.00866666666666667,0.000724547747091427,237685.157997908,0.406329393386841
NEUS,Phycis chesteri,rare,south,block,MaxEntPO,3000,0.00866666666666667,0.007848855817948,237685.157997908,0.0130503177642822
NEUS,Phycis chesteri,rare,south,block,SpatialGAM,3000,0.00866666666666667,0.00703534758499244,237685.157997908,3.97987174987793
NEUS,Phycis chesteri,rare,south,block,GeostatGP,3000,0.00866666666666667,0.00699712076645114,237685.157997908,2.72680592536926
NEUS,Phycis chesteri,rare,south,extent,RF,3000,0.0273333333333333,0.0048910551194958,237685.157997908,0.519346714019775
NEUS,Phycis chesteri,rare,south,extent,SpatialRF,3000,0.0273333333333333,0.00389149883238618,237685.157997908,0.788734674453735
NEUS,Phycis chesteri,rare,south,extent,BRT,3000,0.0273333333333333,0.00677740857847744,237685.157997908,0.413931608200073
NEUS,Phycis chesteri,rare,south,extent,MaxEntPO,3000,0.0273333333333333,0.0226705616177475,237685.157997908,0.0155010223388672
NEUS,Phycis chesteri,rare,south,extent,SpatialGAM,3000,0.0273333333333333,0.016873163149555,237685.157997908,6.54067349433899
NEUS,Phycis chesteri,rare,south,extent,GeostatGP,3000,0.0273333333333333,0.0172152765622465,237685.157997908,2.99755835533142
NEUS,Caranx crysos,rare,east,extent,RF,3000,0.023,0.00515588777351838,201151.853473502,0.465213060379028
NEUS,Caranx crysos,rare,east,extent,SpatialRF,3000,0.023,0.00391836740030496,201151.853473502,0.688682556152344
NEUS,Caranx crysos,rare,east,extent,BRT,3000,0.023,0.00531826451050443,201151.853473502,0.408956289291382
NEUS,Caranx crysos,rare,east,extent,MaxEntPO,3000,0.023,0.0180143651997122,201151.853473502,0.015005350112915
NEUS,Caranx crysos,rare,east,extent,SpatialGAM,3000,0.023,0.0153807753424184,201151.853473502,5.41419720649719
NEUS,Caranx crysos,rare,east,extent,GeostatGP,3000,0.023,0.0153678274279835,201151.853473502,2.68473172187805
NEUS,Caranx crysos,rare,west,block,RF,3000,0.086,0.0191513883551021,201151.853473502,0.831836223602295
NEUS,Caranx crysos,rare,west,block,SpatialRF,3000,0.086,0.0144837516486053,201151.853473502,1.34659004211426
NEUS,Caranx crysos,rare,west,block,BRT,3000,0.086,0.0393394355726009,201151.853473502,0.431523561477661
NEUS,Caranx crysos,rare,west,block,MaxEntPO,3000,0.086,0.0708260305243059,201151.853473502,0.0134115219116211
NEUS,Caranx crysos,rare,west,block,SpatialGAM,3000,0.086,0.0598072198694753,201151.853473502,5.1886613368988
NEUS,Caranx crysos,rare,west,block,GeostatGP,3000,0.086,0.0600458705708001,201151.853473502,2.6376485824585
NEUS,Caranx crysos,rare,west,extent,RF,3000,0.00366666666666667,0.00128161836481745,201151.853473502,0.354239463806152
NEUS,Caranx crysos,rare,west,extent,SpatialRF,3000,0.00366666666666667,0.000784494419373852,201151.853473502,0.481040716171265
NEUS,Caranx crysos,rare,west,extent,BRT,3000,0.00366666666666667,0.000414611873537303,201151.853473502,0.437581539154053
NEUS,Caranx crysos,rare,west,extent,MaxEntPO,3000,0.00366666666666667,0.398607516795652,201151.853473502,0.0116984844207764
NEUS,Caranx crysos,rare,west,extent,SpatialGAM,3000,0.00366666666666667,0.00311652791182792,201151.853473502,3.74625897407532
NEUS,Caranx crysos,rare,west,extent,GeostatGP,3000,0.00366666666666667,0.0027497475309004,201151.853473502,3.11495995521545
NEUS,Caranx crysos,rare,north,extent,RF,3000,0.021,0.00518096401488683,201151.853473502,0.535064935684204
NEUS,Caranx crysos,rare,north,extent,SpatialRF,3000,0.021,0.0040025612325071,201151.853473502,0.912920475006104
NEUS,Caranx crysos,rare,north,extent,BRT,3000,0.021,0.00648312375790244,201151.853473502,0.436480522155762
NEUS,Caranx crysos,rare,north,extent,MaxEntPO,3000,0.021,0.018464182553141,201151.853473502,0.0142459869384766
NEUS,Caranx crysos,rare,north,extent,SpatialGAM,3000,0.021,0.0164069111349531,201151.853473502,4.21682953834534
NEUS,Caranx crysos,rare,north,extent,GeostatGP,3000,0.021,0.0165118007142909,201151.853473502,2.6366171836853
NEUS,Caranx crysos,rare,south,block,RF,3000,0.0773333333333333,0.0167324638427757,201151.853473502,0.827950954437256
NEUS,Caranx crysos,rare,south,block,SpatialRF,3000,0.0773333333333333,0.0119721520986837,201151.853473502,1.23372268676758
NEUS,Caranx crysos,rare,south,block,BRT,3000,0.0773333333333333,0.033852378124501,201151.853473502,0.429909706115723
NEUS,Caranx crysos,rare,south,block,MaxEntPO,3000,0.0773333333333333,0.0592925759294781,201151.853473502,0.0139508247375488
NEUS,Caranx crysos,rare,south,block,SpatialGAM,3000,0.0773333333333333,0.0522601713896978,201151.853473502,4.79736042022705
NEUS,Caranx crysos,rare,south,block,GeostatGP,3000,0.0773333333333333,0.0528289392154265,201151.853473502,2.81571340560913
NEUS,Caranx crysos,rare,south,extent,RF,3000,0.00733333333333333,0.00241847362865151,201151.853473502,0.459912776947022
NEUS,Caranx crysos,rare,south,extent,SpatialRF,3000,0.00733333333333333,0.00156382559820241,201151.853473502,0.58668065071106
NEUS,Caranx crysos,rare,south,extent,BRT,3000,0.00733333333333333,0.00140764843044966,201151.853473502,0.40436577796936
NEUS,Caranx crysos,rare,south,extent,MaxEntPO,3000,0.00733333333333333,0.00684694360919996,201151.853473502,0.0134541988372803
NEUS,Caranx crysos,rare,south,extent,SpatialGAM,3000,0.00733333333333333,0.00646467416090811,201151.853473502,9.64414048194885
NEUS,Caranx crysos,rare,south,extent,GeostatGP,3000,0.00733333333333333,0.00639525831575097,201151.853473502,2.72249007225037
NEUS,Hippoglossoides platessoides,intermediate,east,block,RF,3000,0.388333333333333,0.0495273087998661,213.233306496783,1.41284227371216
NEUS,Hippoglossoides platessoides,intermediate,east,block,SpatialRF,3000,0.388333333333333,0.0329312550576815,213.233306496783,2.10773396492004
NEUS,Hippoglossoides platessoides,intermediate,east,block,BRT,3000,0.388333333333333,0.15605398518582,213.233306496783,0.460223436355591
NEUS,Hippoglossoides platessoides,intermediate,east,block,MaxEntPO,3000,0.388333333333333,0.209396422255551,213.233306496783,0.0406351089477539
NEUS,Hippoglossoides platessoides,intermediate,east,block,SpatialGAM,3000,0.388333333333333,0.161446963601096,213.233306496783,3.93639636039734
NEUS,Hippoglossoides platessoides,intermediate,east,block,GeostatGP,3000,0.388333333333333,0.165075917920119,213.233306496783,2.82512736320496
NEUS,Hippoglossoides platessoides,intermediate,east,extent,RF,3000,0.226,0.0171429102555923,213.233306496783,0.93599009513855
NEUS,Hippoglossoides platessoides,intermediate,east,extent,SpatialRF,3000,0.226,0.00713500697534415,213.233306496783,0.921058416366577
NEUS,Hippoglossoides platessoides,intermediate,east,extent,BRT,3000,0.226,0.0439930825831575,213.233306496783,0.449307203292847
NEUS,Hippoglossoides platessoides,intermediate,east,extent,MaxEntPO,3000,0.226,0.137560677407811,213.233306496783,0.0162465572357178
NEUS,Hippoglossoides platessoides,intermediate,east,extent,SpatialGAM,3000,0.226,0.0320039848347628,213.233306496783,5.30752348899841
NEUS,Hippoglossoides platessoides,intermediate,east,extent,GeostatGP,3000,0.226,0.0331536021450177,213.233306496783,2.63104009628296
NEUS,Hippoglossoides platessoides,intermediate,west,extent,RF,3000,0.306666666666667,0.0303451213447356,213.233306496783,1.15000057220459
NEUS,Hippoglossoides platessoides,intermediate,west,extent,SpatialRF,3000,0.306666666666667,0.0163898526617855,213.233306496783,1.41885018348694
NEUS,Hippoglossoides platessoides,intermediate,west,extent,BRT,3000,0.306666666666667,0.0850125821990366,213.233306496783,0.482734680175781
NEUS,Hippoglossoides platessoides,intermediate,west,extent,MaxEntPO,3000,0.306666666666667,0.180437881461627,213.233306496783,0.0175535678863525
NEUS,Hippoglossoides platessoides,intermediate,west,extent,SpatialGAM,3000,0.306666666666667,0.068800520178465,213.233306496783,5.42954182624817
NEUS,Hippoglossoides platessoides,intermediate,west,extent,GeostatGP,3000,0.306666666666667,0.0715544499203159,213.233306496783,3.10650777816772
NEUS,Hippoglossoides platessoides,intermediate,north,block,RF,3000,0.766333333333333,0.0382109320722793,213.233306496783,1.28556132316589
NEUS,Hippoglossoides platessoides,intermediate,north,block,SpatialRF,3000,0.766333333333333,0.0238948089898904,213.233306496783,1.83550763130188
NEUS,Hippoglossoides platessoides,intermediate,north,block,BRT,3000,0.766333333333333,0.112779841861898,213.233306496783,0.463753938674927
NEUS,Hippoglossoides platessoides,intermediate,north,block,MaxEntPO,3000,0.766333333333333,0.225559840726962,213.233306496783,0.0176763534545898
NEUS,Hippoglossoides platessoides,intermediate,north,block,SpatialGAM,3000,0.766333333333333,0.112536399625807,213.233306496783,5.91257166862488
NEUS,Hippoglossoides platessoides,intermediate,north,block,GeostatGP,3000,0.766333333333333,0.113403440079996,213.233306496783,2.64024925231934
NEUS,Hippoglossoides platessoides,intermediate,north,extent,RF,3000,0.117666666666667,0.0173490341495319,213.233306496783,0.912208795547485
NEUS,Hippoglossoides platessoides,intermediate,north,extent,SpatialRF,3000,0.117666666666667,0.00980479462901885,213.233306496783,1.04263067245483
NEUS,Hippoglossoides platessoides,intermediate,north,extent,BRT,3000,0.117666666666667,0.0422706758330699,213.233306496783,0.442133188247681
NEUS,Hippoglossoides platessoides,intermediate,north,extent,MaxEntPO,3000,0.117666666666667,0.0866371358190077,213.233306496783,0.0150728225708008
NEUS,Hippoglossoides platessoides,intermediate,north,extent,SpatialGAM,3000,0.117666666666667,0.0428058072078612,213.233306496783,3.70868968963623
NEUS,Hippoglossoides platessoides,intermediate,north,extent,GeostatGP,3000,0.117666666666667,0.0446392985278319,213.233306496783,2.60297989845276
NEUS,Hippoglossoides platessoides,intermediate,south,extent,RF,3000,0.317,0.0312326928405799,213.233306496783,1.08496022224426
NEUS,Hippoglossoides platessoides,intermediate,south,extent,SpatialRF,3000,0.317,0.0166128774571759,213.233306496783,1.35464406013489
NEUS,Hippoglossoides platessoides,intermediate,south,extent,BRT,3000,0.317,0.0900381400829866,213.233306496783,0.461389541625977
NEUS,Hippoglossoides platessoides,intermediate,south,extent,MaxEntPO,3000,0.317,0.172267440958302,213.233306496783,0.0185608863830566
NEUS,Hippoglossoides platessoides,intermediate,south,extent,SpatialGAM,3000,0.317,0.07378847151228,213.233306496783,5.32597732543945
NEUS,Hippoglossoides platessoides,intermediate,south,extent,GeostatGP,3000,0.317,0.0768299433270316,213.233306496783,2.5880138874054
NEUS,Prionotus carolinus,intermediate,east,block,RF,3000,0.0263333333333333,0.00420499834347692,569.892934102752,0.574476480484009
NEUS,Prionotus carolinus,intermediate,east,block,SpatialRF,3000,0.0263333333333333,0.0038766574375477,569.892934102752,0.807462215423584
NEUS,Prionotus carolinus,intermediate,east,block,BRT,3000,0.0263333333333333,0.00482208247204063,569.892934102752,0.401962757110596
NEUS,Prionotus carolinus,intermediate,east,block,MaxEntPO,3000,0.0263333333333333,0.0250228228034207,569.892934102752,0.0138518810272217
NEUS,Prionotus carolinus,intermediate,east,block,SpatialGAM,3000,0.0263333333333333,0.0220321274226853,569.892934102752,6.68363285064697
NEUS,Prionotus carolinus,intermediate,east,block,GeostatGP,3000,0.0263333333333333,0.0220078793124749,569.892934102752,2.60908985137939
NEUS,Prionotus carolinus,intermediate,east,extent,RF,3000,0.215333333333333,0.0351728782324061,569.892934102752,1.1994309425354
NEUS,Prionotus carolinus,intermediate,east,extent,SpatialRF,3000,0.215333333333333,0.0265780888197433,569.892934102752,1.90630125999451
NEUS,Prionotus carolinus,intermediate,east,extent,BRT,3000,0.215333333333333,0.0976786455638726,569.892934102752,0.462784290313721
NEUS,Prionotus carolinus,intermediate,east,extent,MaxEntPO,3000,0.215333333333333,0.15102639451921,569.892934102752,0.0151009559631348
NEUS,Prionotus carolinus,intermediate,east,extent,SpatialGAM,3000,0.215333333333333,0.129511816566731,569.892934102752,3.64398908615112
NEUS,Prionotus carolinus,intermediate,east,extent,GeostatGP,3000,0.215333333333333,0.129797652524404,569.892934102752,2.40806818008423
NEUS,Prionotus carolinus,intermediate,west,block,RF,3000,0.357,0.0531115510801803,569.892934102752,1.36001682281494
NEUS,Prionotus carolinus,intermediate,west,block,SpatialRF,3000,0.357,0.0379831486710551,569.892934102752,2.2246401309967
NEUS,Prionotus carolinus,intermediate,west,block,BRT,3000,0.357,0.142146952274617,569.892934102752,0.447330474853516
NEUS,Prionotus carolinus,intermediate,west,block,MaxEntPO,3000,0.357,0.201825520032001,569.892934102752,0.201291084289551
NEUS,Prionotus carolinus,intermediate,west,block,SpatialGAM,3000,0.357,0.181287745170984,569.892934102752,3.13745903968811
NEUS,Prionotus carolinus,intermediate,west,block,GeostatGP,3000,0.357,0.183972658082179,569.892934102752,2.65682554244995
NEUS,Prionotus carolinus,intermediate,west,extent,RF,3000,0.136666666666667,0.0239918259539288,569.892934102752,1.00905895233154
NEUS,Prionotus carolinus,intermediate,west,extent,SpatialRF,3000,0.136666666666667,0.0169516289217225,569.892934102752,1.46663355827332
NEUS,Prionotus carolinus,intermediate,west,extent,BRT,3000,0.136666666666667,0.0628094161476531,569.892934102752,0.46222734451294
NEUS,Prionotus carolinus,intermediate,west,extent,MaxEntPO,3000,0.136666666666667,0.101190596128052,569.892934102752,0.0141770839691162
NEUS,Prionotus carolinus,intermediate,west,extent,SpatialGAM,3000,0.136666666666667,0.0799186390193451,569.892934102752,3.32146763801575
NEUS,Prionotus carolinus,intermediate,west,extent,GeostatGP,3000,0.136666666666667,0.0807830317070023,569.892934102752,2.22764301300049
NEUS,Prionotus carolinus,intermediate,north,block,RF,3000,0.0106666666666667,0.00244457888044392,569.892934102752,0.458336591720581
NEUS,Prionotus carolinus,intermediate,north,block,SpatialRF,3000,0.0106666666666667,0.00202689900254419,569.892934102752,0.640799522399902
NEUS,Prionotus carolinus,intermediate,north,block,BRT,3000,0.0106666666666667,0.00118424089888841,569.892934102752,0.392523765563965
NEUS,Prionotus carolinus,intermediate,north,block,MaxEntPO,3000,0.0106666666666667,0.010241939459886,569.892934102752,0.0119924545288086
NEUS,Prionotus carolinus,intermediate,north,block,SpatialGAM,3000,0.0106666666666667,0.00881938240832296,569.892934102752,4.1906270980835
NEUS,Prionotus carolinus,intermediate,north,block,GeostatGP,3000,0.0106666666666667,0.00889804808734186,569.892934102752,2.95585775375366
NEUS,Prionotus carolinus,intermediate,north,extent,RF,3000,0.228666666666667,0.0374415656920374,569.892934102752,1.27252817153931
NEUS,Prionotus carolinus,intermediate,north,extent,SpatialRF,3000,0.228666666666667,0.0269394660893169,569.892934102752,1.94133949279785
NEUS,Prionotus carolinus,intermediate,north,extent,BRT,3000,0.228666666666667,0.103702637911357,569.892934102752,0.474023103713989
NEUS,Prionotus carolinus,intermediate,north,extent,MaxEntPO,3000,0.228666666666667,0.155659322339528,569.892934102752,0.0172841548919678
NEUS,Prionotus carolinus,intermediate,north,extent,SpatialGAM,3000,0.228666666666667,0.132751627930959,569.892934102752,2.69685745239258
NEUS,Prionotus carolinus,intermediate,north,extent,GeostatGP,3000,0.228666666666667,0.13349442400389,569.892934102752,2.67825174331665
NEUS,Prionotus carolinus,intermediate,south,block,RF,3000,0.347333333333333,0.0499266554744931,569.892934102752,1.38461518287659
NEUS,Prionotus carolinus,intermediate,south,block,SpatialRF,3000,0.347333333333333,0.0390503670140603,569.892934102752,2.26040434837341
NEUS,Prionotus carolinus,intermediate,south,block,BRT,3000,0.347333333333333,0.142752620990199,569.892934102752,0.451910018920898
NEUS,Prionotus carolinus,intermediate,south,block,MaxEntPO,3000,0.347333333333333,0.204691832796754,569.892934102752,0.0430798530578613
NEUS,Prionotus carolinus,intermediate,south,block,SpatialGAM,3000,0.347333333333333,0.178750252100981,569.892934102752,3.11396646499634
NEUS,Prionotus carolinus,intermediate,south,block,GeostatGP,3000,0.347333333333333,0.181980601085717,569.892934102752,2.58864879608154
NEUS,Prionotus carolinus,intermediate,south,extent,RF,3000,0.127333333333333,0.0214954910972928,569.892934102752,0.96173095703125
NEUS,Prionotus carolinus,intermediate,south,extent,SpatialRF,3000,0.127333333333333,0.0163806566317493,569.892934102752,1.55969047546387
NEUS,Prionotus carolinus,intermediate,south,extent,BRT,3000,0.127333333333333,0.0565740687447842,569.892934102752,0.457483053207398
NEUS,Prionotus carolinus,intermediate,south,extent,MaxEntPO,3000,0.127333333333333,0.0955497469722692,569.892934102752,0.0136213302612305
NEUS,Prionotus carolinus,intermediate,south,extent,SpatialGAM,3000,0.127333333333333,0.0808725833919704,569.892934102752,3.33924651145935
NEUS,Prionotus carolinus,intermediate,south,extent,GeostatGP,3000,0.127333333333333,0.0811368319251968,569.892934102752,2.74166488647461
NEUS,Mustelus canis,intermediate,east,block,RF,3000,0.00166666666666667,0.000438067687638,558.173432959008,0.276995897293091
NEUS,Mustelus canis,intermediate,east,block,SpatialRF,3000,0.00166666666666667,0.00042053754055063,558.173432959008,0.316977977752686
NEUS,Mustelus canis,intermediate,east,block,BRT,3000,0.00166666666666667,1.33761917795534e-07,558.173432959008,0.423831701278687
NEUS,Mustelus canis,intermediate,east,block,MaxEntPO,3000,0.00166666666666667,0.399135999030966,558.173432959008,0.0121643543243408
NEUS,Mustelus canis,intermediate,east,block,SpatialGAM,3000,0.00166666666666667,0.0013348563413338,558.173432959008,5.78483152389526
NEUS,Mustelus canis,intermediate,east,block,GeostatGP,3000,0.00166666666666667,0.00125154751048867,558.173432959008,3.12251901626587
NEUS,Mustelus canis,intermediate,east,extent,RF,3000,0.114333333333333,0.0189533643544885,558.173432959008,0.869373083114624
NEUS,Mustelus canis,intermediate,east,extent,SpatialRF,3000,0.114333333333333,0.0136053629717281,558.173432959008,1.33342885971069
NEUS,Mustelus canis,intermediate,east,extent,BRT,3000,0.114333333333333,0.045436504354062,558.173432959008,0.465300798416138
NEUS,Mustelus canis,intermediate,east,extent,MaxEntPO,3000,0.114333333333333,0.0812437638252089,558.173432959008,0.0160591602325439
NEUS,Mustelus canis,intermediate,east,extent,SpatialGAM,3000,0.114333333333333,0.0625447618946862,558.173432959008,3.99179172515869
NEUS,Mustelus canis,intermediate,east,extent,GeostatGP,3000,0.114333333333333,0.063697488659997,558.173432959008,2.90094137191772
NEUS,Mustelus canis,intermediate,west,block,RF,3000,0.215666666666667,0.0344083567844785,558.173432959008,1.05284094810486
NEUS,Mustelus canis,intermediate,west,block,SpatialRF,3000,0.215666666666667,0.0229079691294909,558.173432959008,1.75444650650024
NEUS,Mustelus canis,intermediate,west,block,BRT,3000,0.215666666666667,0.0828990401143898,558.173432959008,0.466631650924683
NEUS,Mustelus canis,intermediate,west,block,MaxEntPO,3000,0.215666666666667,0.132669639896867,558.173432959008,0.0162017345428467
NEUS,Mustelus canis,intermediate,west,block,SpatialGAM,3000,0.215666666666667,0.109472072925369,558.173432959008,4.67759323120117
NEUS,Mustelus canis,intermediate,west,block,GeostatGP,3000,0.215666666666667,0.110002838071933,558.173432959008,2.65440535545349
NEUS,Mustelus canis,intermediate,west,extent,RF,3000,0.07,0.0109851841356886,558.173432959008,0.684507131576538
NEUS,Mustelus canis,intermediate,west,extent,SpatialRF,3000,0.07,0.00849821587637426,558.173432959008,0.996321678161621
NEUS,Mustelus canis,intermediate,west,extent,BRT,3000,0.07,0.021389732363992,558.173432959008,0.448546886444092
NEUS,Mustelus canis,intermediate,west,extent,MaxEntPO,3000,0.07,0.0500942443987283,558.173432959008,0.0163452625274658
NEUS,Mustelus canis,intermediate,west,extent,SpatialGAM,3000,0.07,0.0371471788511277,558.173432959008,5.1053261756897
NEUS,Mustelus canis,intermediate,west,extent,GeostatGP,3000,0.07,0.0373023790318655,558.173432959008,3.2873706817627
NEUS,Mustelus canis,intermediate,north,extent,RF,3000,0.122,0.0198620823414803,558.173432959008,0.849498748779297
NEUS,Mustelus canis,intermediate,north,extent,SpatialRF,3000,0.122,0.0131964761561386,558.173432959008,1.33407711982727
NEUS,Mustelus canis,intermediate,north,extent,BRT,3000,0.122,0.044667437332784,558.173432959008,0.451384544372559
NEUS,Mustelus canis,intermediate,north,extent,MaxEntPO,3000,0.122,0.0799406374341768,558.173432959008,0.0168681144714355
NEUS,Mustelus canis,intermediate,north,extent,SpatialGAM,3000,0.122,0.0601649271617365,558.173432959008,10.4382922649384
NEUS,Mustelus canis,intermediate,north,extent,GeostatGP,3000,0.122,0.0619758430657026,558.173432959008,2.76733946800232
NEUS,Mustelus canis,intermediate,south,block,RF,3000,0.178,0.0304743087159667,558.173432959008,1.02017021179199
NEUS,Mustelus canis,intermediate,south,block,SpatialRF,3000,0.178,0.0216295993152118,558.173432959008,1.7450852394104
NEUS,Mustelus canis,intermediate,south,block,BRT,3000,0.178,0.0736714331713163,558.173432959008,0.476620435714722
NEUS,Mustelus canis,intermediate,south,block,MaxEntPO,3000,0.178,0.12177027106736,558.173432959008,0.0147464275360107
NEUS,Mustelus canis,intermediate,south,block,SpatialGAM,3000,0.178,0.101861072307834,558.173432959008,6.00187134742737
NEUS,Mustelus canis,intermediate,south,block,GeostatGP,3000,0.178,0.10224870684376,558.173432959008,2.42296719551086
NEUS,Mustelus canis,intermediate,south,extent,RF,3000,0.0776666666666667,0.0107138618470458,558.173432959008,0.643927335739136
NEUS,Mustelus canis,intermediate,south,extent,SpatialRF,3000,0.0776666666666667,0.00782591724451107,558.173432959008,0.983087539672852
NEUS,Mustelus canis,intermediate,south,extent,BRT,3000,0.0776666666666667,0.019287888479049,558.173432959008,0.451025485992432
NEUS,Mustelus canis,intermediate,south,extent,MaxEntPO,3000,0.0776666666666667,0.0555251050660242,558.173432959008,0.0180916786193848
NEUS,Mustelus canis,intermediate,south,extent,SpatialGAM,3000,0.0776666666666667,0.0349173064855996,558.173432959008,9.8338508605957
NEUS,Mustelus canis,intermediate,south,extent,GeostatGP,3000,0.0776666666666667,0.0354531415133959,558.173432959008,2.47729825973511
NEUS,Dipturus laevis,intermediate,east,block,RF,3000,0.151333333333333,0.0202621222282069,163.947782506912,0.935956954956055
NEUS,Dipturus laevis,intermediate,east,block,SpatialRF,3000,0.151333333333333,0.01594588599801,163.947782506912,1.56192445755005
NEUS,Dipturus laevis,intermediate,east,block,BRT,3000,0.151333333333333,0.0531892709969139,163.947782506912,0.434930801391602
NEUS,Dipturus laevis,intermediate,east,block,MaxEntPO,3000,0.151333333333333,0.151280497500717,163.947782506912,0.0129122734069824
NEUS,Dipturus laevis,intermediate,east,block,SpatialGAM,3000,0.151333333333333,0.109881322376008,163.947782506912,6.50135254859924
NEUS,Dipturus laevis,intermediate,east,block,GeostatGP,3000,0.151333333333333,0.110550479600749,163.947782506912,2.87395215034485
NEUS,Dipturus laevis,intermediate,east,extent,RF,3000,0.0506666666666667,0.00966264915675069,163.947782506912,0.668922185897827
NEUS,Dipturus laevis,intermediate,east,extent,SpatialRF,3000,0.0506666666666667,0.00745285320630359,163.947782506912,0.972946643829346
NEUS,Dipturus laevis,intermediate,east,extent,BRT,3000,0.0506666666666667,0.0206870934124445,163.947782506912,0.417193174362183
NEUS,Dipturus laevis,intermediate,east,extent,MaxEntPO,3000,0.0506666666666667,0.199500364133389,163.947782506912,0.0125553607940674
NEUS,Dipturus laevis,intermediate,east,extent,SpatialGAM,3000,0.0506666666666667,0.043970128897228,163.947782506912,5.20225524902344
NEUS,Dipturus laevis,intermediate,east,extent,GeostatGP,3000,0.0506666666666667,0.0440380535969599,163.947782506912,2.77282881736755
NEUS,Dipturus laevis,intermediate,west,block,RF,3000,0.00233333333333333,0.000640027743143678,163.947782506912,0.312958002090454
NEUS,Dipturus laevis,intermediate,west,block,SpatialRF,3000,0.00233333333333333,0.000509474991591074,163.947782506912,0.449532032012939
NEUS,Dipturus laevis,intermediate,west,block,BRT,3000,0.00233333333333333,2.0337954486148e-05,163.947782506912,0.403222799301147
NEUS,Dipturus laevis,intermediate,west,block,MaxEntPO,3000,0.00233333333333333,0.398959838285861,163.947782506912,0.012249231338501
NEUS,Dipturus laevis,intermediate,west,block,SpatialGAM,3000,0.00233333333333333,0.00229347687490387,163.947782506912,3.71898484230042
NEUS,Dipturus laevis,intermediate,west,block,GeostatGP,3000,0.00233333333333333,0.00228909347112109,163.947782506912,2.63347387313843
NEUS,Dipturus laevis,intermediate,west,extent,RF,3000,0.0906666666666667,0.0151702084983604,163.947782506912,0.833383798599243
NEUS,Dipturus laevis,intermediate,west,extent,SpatialRF,3000,0.0906666666666667,0.0112309385716128,163.947782506912,1.34891366958618
NEUS,Dipturus laevis,intermediate,west,extent,BRT,3000,0.0906666666666667,0.0363059390835849,163.947782506912,0.434853076934814
NEUS,Dipturus laevis,intermediate,west,extent,MaxEntPO,3000,0.0906666666666667,0.19340165731805,163.947782506912,0.0134513378143311
NEUS,Dipturus laevis,intermediate,west,extent,SpatialGAM,3000,0.0906666666666667,0.0721269057651454,163.947782506912,2.98528361320496
NEUS,Dipturus laevis,intermediate,west,extent,GeostatGP,3000,0.0906666666666667,0.0723516770436699,163.947782506912,2.36737751960754
NEUS,Dipturus laevis,intermediate,north,block,RF,3000,0.0543333333333333,0.0105623242352726,163.947782506912,0.701809883117676
NEUS,Dipturus laevis,intermediate,north,block,SpatialRF,3000,0.0543333333333333,0.00861190241137256,163.947782506912,1.15733003616333
NEUS,Dipturus laevis,intermediate,north,block,BRT,3000,0.0543333333333333,0.0216461410266085,163.947782506912,0.406582593917847
NEUS,Dipturus laevis,intermediate,north,block,MaxEntPO,3000,0.0543333333333333,0.0636194772883653,163.947782506912,0.0130372047424316
NEUS,Dipturus laevis,intermediate,north,block,SpatialGAM,3000,0.0543333333333333,0.0488388743186842,163.947782506912,2.88539218902588
NEUS,Dipturus laevis,intermediate,north,block,GeostatGP,3000,0.0543333333333333,0.0487591444177239,163.947782506912,2.64917802810669
NEUS,Dipturus laevis,intermediate,north,extent,RF,3000,0.076,0.0113190824313137,163.947782506912,0.759998083114624
NEUS,Dipturus laevis,intermediate,north,extent,SpatialRF,3000,0.076,0.00970313677405037,163.947782506912,1.17962861061096
NEUS,Dipturus laevis,intermediate,north,extent,BRT,3000,0.076,0.0253663874713326,163.947782506912,0.455579280853272
NEUS,Dipturus laevis,intermediate,north,extent,MaxEntPO,3000,0.076,0.15755083326251,163.947782506912,0.0130062103271484
NEUS,Dipturus laevis,intermediate,north,extent,SpatialGAM,3000,0.076,0.0594258552274145,163.947782506912,5.45556282997131
NEUS,Dipturus laevis,intermediate,north,extent,GeostatGP,3000,0.076,0.0598768864731859,163.947782506912,2.79913282394409
NEUS,Dipturus laevis,intermediate,south,block,RF,3000,0.00366666666666667,0.000966046515063259,163.947782506912,0.309640407562256
NEUS,Dipturus laevis,intermediate,south,block,SpatialRF,3000,0.00366666666666667,0.000782927364870407,163.947782506912,0.429044246673584
NEUS,Dipturus laevis,intermediate,south,block,BRT,3000,0.00366666666666667,4.32424075430527e-05,163.947782506912,0.383009195327759
NEUS,Dipturus laevis,intermediate,south,block,MaxEntPO,3000,0.00366666666666667,0.398607516795652,163.947782506912,0.011411190032959
NEUS,Dipturus laevis,intermediate,south,block,SpatialGAM,3000,0.00366666666666667,0.00355060745321631,163.947782506912,4.76222109794617
NEUS,Dipturus laevis,intermediate,south,block,GeostatGP,3000,0.00366666666666667,0.00354322597216424,163.947782506912,2.87957715988159
NEUS,Dipturus laevis,intermediate,south,extent,RF,3000,0.0873333333333333,0.0147551892845161,163.947782506912,0.801881313323975
NEUS,Dipturus laevis,intermediate,south,extent,SpatialRF,3000,0.0873333333333333,0.0117683465175461,163.947782506912,1.34807705879211
NEUS,Dipturus laevis,intermediate,south,extent,BRT,3000,0.0873333333333333,0.0351694681324034,163.947782506912,0.443155288696289
NEUS,Dipturus laevis,intermediate,south,extent,MaxEntPO,3000,0.0873333333333333,0.159167419163656,163.947782506912,0.0131320953369141
NEUS,Dipturus laevis,intermediate,south,extent,SpatialGAM,3000,0.0873333333333333,0.0721495100598968,163.947782506912,3.64585900306702
NEUS,Dipturus laevis,intermediate,south,extent,GeostatGP,3000,0.0873333333333333,0.0721719877228333,163.947782506912,2.98436188697815
NEUS,Etrumeus sadina,intermediate,east,extent,RF,3000,0.0643333333333333,0.0144493756869258,584.907219141152,0.725500822067261
NEUS,Etrumeus sadina,intermediate,east,extent,SpatialRF,3000,0.0643333333333333,0.0123316041658199,584.907219141152,1.28201079368591
NEUS,Etrumeus sadina,intermediate,east,extent,BRT,3000,0.0643333333333333,0.0312181371181086,584.907219141152,0.450753688812256
NEUS,Etrumeus sadina,intermediate,east,extent,MaxEntPO,3000,0.0643333333333333,0.0745644535352723,584.907219141152,0.0141286849975586
NEUS,Etrumeus sadina,intermediate,east,extent,SpatialGAM,3000,0.0643333333333333,0.0514988803741043,584.907219141152,4.1109573841095
NEUS,Etrumeus sadina,intermediate,east,extent,GeostatGP,3000,0.0643333333333333,0.0514265162885511,584.907219141152,2.84081315994263
NEUS,Etrumeus sadina,intermediate,west,block,RF,3000,0.102333333333333,0.0233929150381295,584.907219141152,0.897636413574219
NEUS,Etrumeus sadina,intermediate,west,block,SpatialRF,3000,0.102333333333333,0.0179549204921458,584.907219141152,1.71677565574646
NEUS,Etrumeus sadina,intermediate,west,block,BRT,3000,0.102333333333333,0.0551532616861111,584.907219141152,0.472732067108154
NEUS,Etrumeus sadina,intermediate,west,block,MaxEntPO,3000,0.102333333333333,0.0917161108034079,584.907219141152,0.0150680541992188
NEUS,Etrumeus sadina,intermediate,west,block,SpatialGAM,3000,0.102333333333333,0.0794663720680146,584.907219141152,2.55510139465332
NEUS,Etrumeus sadina,intermediate,west,block,GeostatGP,3000,0.102333333333333,0.0788295497581474,584.907219141152,2.65531778335571
NEUS,Etrumeus sadina,intermediate,west,extent,RF,3000,0.035,0.00893816192182026,584.907219141152,0.559118747711182
NEUS,Etrumeus sadina,intermediate,west,extent,SpatialRF,3000,0.035,0.00703344954605455,584.907219141152,0.950467348098755
NEUS,Etrumeus sadina,intermediate,west,extent,BRT,3000,0.035,0.0152300617486418,584.907219141152,0.426789999008179
NEUS,Etrumeus sadina,intermediate,west,extent,MaxEntPO,3000,0.035,0.0335576626432486,584.907219141152,0.0141961574554443
NEUS,Etrumeus sadina,intermediate,west,extent,SpatialGAM,3000,0.035,0.0278551404495525,584.907219141152,4.50767064094544
NEUS,Etrumeus sadina,intermediate,west,extent,GeostatGP,3000,0.035,0.0281157818648475,584.907219141152,2.69093918800354
NEUS,Etrumeus sadina,intermediate,north,extent,RF,3000,0.0653333333333333,0.0156162742216247,584.907219141152,0.709604501724243
NEUS,Etrumeus sadina,intermediate,north,extent,SpatialRF,3000,0.0653333333333333,0.0115630637925422,584.907219141152,1.19009900093079
NEUS,Etrumeus sadina,intermediate,north,extent,BRT,3000,0.0653333333333333,0.030492363763258,584.907219141152,0.436547756195068
NEUS,Etrumeus sadina,intermediate,north,extent,MaxEntPO,3000,0.0653333333333333,0.0620130915007996,584.907219141152,0.0146255493164063
NEUS,Etrumeus sadina,intermediate,north,extent,SpatialGAM,3000,0.0653333333333333,0.0471865516677336,584.907219141152,4.23766374588013
NEUS,Etrumeus sadina,intermediate,north,extent,GeostatGP,3000,0.0653333333333333,0.0477113215677745,584.907219141152,2.82339978218079
NEUS,Etrumeus sadina,intermediate,south,block,RF,3000,0.0936666666666667,0.0210064002353447,584.907219141152,0.91452431678772
NEUS,Etrumeus sadina,intermediate,south,block,SpatialRF,3000,0.0936666666666667,0.0171606288107166,584.907219141152,1.66116666793823
NEUS,Etrumeus sadina,intermediate,south,block,BRT,3000,0.0936666666666667,0.0494620288302107,584.907219141152,0.478092908859253
NEUS,Etrumeus sadina,intermediate,south,block,MaxEntPO,3000,0.0936666666666667,0.112213266686012,584.907219141152,0.0138957500457764
NEUS,Etrumeus sadina,intermediate,south,block,SpatialGAM,3000,0.0936666666666667,0.0744725933923751,584.907219141152,4.72665572166443
NEUS,Etrumeus sadina,intermediate,south,block,GeostatGP,3000,0.0936666666666667,0.0737015124382673,584.907219141152,2.45256495475769
NEUS,Etrumeus sadina,intermediate,south,extent,RF,3000,0.0376666666666667,0.00871961760790095,584.907219141152,0.620570182800293
NEUS,Etrumeus sadina,intermediate,south,extent,SpatialRF,3000,0.0376666666666667,0.00678251725852778,584.907219141152,0.915047407150269
NEUS,Etrumeus sadina,intermediate,south,extent,BRT,3000,0.0376666666666667,0.0145956093489309,584.907219141152,0.436344861984253
NEUS,Etrumeus sadina,intermediate,south,extent,MaxEntPO,3000,0.0376666666666667,0.0318391847663275,584.907219141152,0.0159785747528076
NEUS,Etrumeus sadina,intermediate,south,extent,SpatialGAM,3000,0.0376666666666667,0.0277189870375555,584.907219141152,3.80680298805237
NEUS,Etrumeus sadina,intermediate,south,extent,GeostatGP,3000,0.0376666666666667,0.0279950520359778,584.907219141152,2.99290728569031
NEUS,Merluccius bilinearis,common,east,block,RF,3000,0.698,0.0402930139862142,156984.537514662,1.26479458808899
NEUS,Merluccius bilinearis,common,east,block,SpatialRF,3000,0.698,0.0289729258488305,156984.537514662,2.14054894447327
NEUS,Merluccius bilinearis,common,east,block,BRT,3000,0.698,0.113413618997102,156984.537514662,0.45786714553833
NEUS,Merluccius bilinearis,common,east,block,MaxEntPO,3000,0.698,0.208313585617023,156984.537514662,0.073528528213501
NEUS,Merluccius bilinearis,common,east,block,SpatialGAM,3000,0.698,0.136783130719284,156984.537514662,4.43479228019714
NEUS,Merluccius bilinearis,common,east,block,GeostatGP,3000,0.698,0.138798185080416,156984.537514662,2.78647136688232
NEUS,Merluccius bilinearis,common,east,extent,RF,3000,0.646333333333333,0.0408711609806674,156984.537514662,1.33820509910584
NEUS,Merluccius bilinearis,common,east,extent,SpatialRF,3000,0.646333333333333,0.0290741950567157,156984.537514662,2.06068110466003
NEUS,Merluccius bilinearis,common,east,extent,BRT,3000,0.646333333333333,0.120838284938683,156984.537514662,0.45377516746521
NEUS,Merluccius bilinearis,common,east,extent,MaxEntPO,3000,0.646333333333333,0.215969042821814,156984.537514662,0.0234496593475342
NEUS,Merluccius bilinearis,common,east,extent,SpatialGAM,3000,0.646333333333333,0.134083120088646,156984.537514662,3.46652555465698
NEUS,Merluccius bilinearis,common,east,extent,GeostatGP,3000,0.646333333333333,0.13670276860746,156984.537514662,2.86019778251648
NEUS,Merluccius bilinearis,common,west,block,RF,3000,0.260333333333333,0.0405612171282921,156984.537514662,1.09805083274841
NEUS,Merluccius bilinearis,common,west,block,SpatialRF,3000,0.260333333333333,0.0291336123891094,156984.537514662,1.86217021942139
NEUS,Merluccius bilinearis,common,west,block,BRT,3000,0.260333333333333,0.102856674257326,156984.537514662,0.446919441223145
NEUS,Merluccius bilinearis,common,west,block,MaxEntPO,3000,0.260333333333333,0.162769955032723,156984.537514662,0.0144104957580566
NEUS,Merluccius bilinearis,common,west,block,SpatialGAM,3000,0.260333333333333,0.137511035199367,156984.537514662,3.61918950080872
NEUS,Merluccius bilinearis,common,west,block,GeostatGP,3000,0.260333333333333,0.137739429260541,156984.537514662,2.19767951965332
NEUS,Merluccius bilinearis,common,west,extent,RF,3000,0.741666666666667,0.0412903576839908,156984.537514662,1.30593585968018
NEUS,Merluccius bilinearis,common,west,extent,SpatialRF,3000,0.741666666666667,0.0303021585155792,156984.537514662,2.0488965511322
NEUS,Merluccius bilinearis,common,west,extent,BRT,3000,0.741666666666667,0.122259395761353,156984.537514662,0.436279296875
NEUS,Merluccius bilinearis,common,west,extent,MaxEntPO,3000,0.741666666666667,0.217838944380923,156984.537514662,0.0178654193878174
NEUS,Merluccius bilinearis,common,west,extent,SpatialGAM,3000,0.741666666666667,0.138153195436178,156984.537514662,4.35956621170044
NEUS,Merluccius bilinearis,common,west,extent,GeostatGP,3000,0.741666666666667,0.142238018334027,156984.537514662,2.70309019088745
NEUS,Merluccius bilinearis,common,north,block,RF,3000,0.852,0.0247828588115069,156984.537514662,0.957086324691772
NEUS,Merluccius bilinearis,common,north,block,SpatialRF,3000,0.852,0.0180170896330617,156984.537514662,1.58454418182373
NEUS,Merluccius bilinearis,common,north,block,BRT,3000,0.852,0.0636783445254225,156984.537514662,0.426204204559326
NEUS,Merluccius bilinearis,common,north,block,MaxEntPO,3000,0.852,0.191930580057494,156984.537514662,0.0183320045471191
NEUS,Merluccius bilinearis,common,north,block,SpatialGAM,3000,0.852,0.0840337632254419,156984.537514662,3.69980335235596
NEUS,Merluccius bilinearis,common,north,block,GeostatGP,3000,0.852,0.0840720500077465,156984.537514662,2.65430378913879
NEUS,Merluccius bilinearis,common,north,extent,RF,3000,0.587,0.0469681792099525,156984.537514662,1.3574275970459
NEUS,Merluccius bilinearis,common,north,extent,SpatialRF,3000,0.587,0.0352369729307344,156984.537514662,2.16715574264526
NEUS,Merluccius bilinearis,common,north,extent,BRT,3000,0.587,0.142916349720349,156984.537514662,0.446008443832397
NEUS,Merluccius bilinearis,common,north,extent,MaxEntPO,3000,0.587,0.220774439651815,156984.537514662,0.0178852081298828
NEUS,Merluccius bilinearis,common,north,extent,SpatialGAM,3000,0.587,0.162092744400109,156984.537514662,6.87924432754517
NEUS,Merluccius bilinearis,common,north,extent,GeostatGP,3000,0.587,0.167517646829137,156984.537514662,2.50464963912964
NEUS,Merluccius bilinearis,common,south,block,RF,3000,0.313333333333333,0.0402612691746031,156984.537514662,1.15723085403442
NEUS,Merluccius bilinearis,common,south,block,SpatialRF,3000,0.313333333333333,0.0307361042590032,156984.537514662,1.90393352508545
NEUS,Merluccius bilinearis,common,south,block,BRT,3000,0.313333333333333,0.110591313357173,156984.537514662,0.459857225418091
NEUS,Merluccius bilinearis,common,south,block,MaxEntPO,3000,0.313333333333333,0.169413011221957,156984.537514662,0.0173678398132324
NEUS,Merluccius bilinearis,common,south,block,SpatialGAM,3000,0.313333333333333,0.143578467736777,156984.537514662,3.11260676383972
NEUS,Merluccius bilinearis,common,south,block,GeostatGP,3000,0.313333333333333,0.143911186540666,156984.537514662,2.60614633560181
NEUS,Merluccius bilinearis,common,south,extent,RF,3000,0.728333333333333,0.0399491191597671,156984.537514662,1.32261800765991
NEUS,Merluccius bilinearis,common,south,extent,SpatialRF,3000,0.728333333333333,0.0298735216281751,156984.537514662,2.06857562065125
NEUS,Merluccius bilinearis,common,south,extent,BRT,3000,0.728333333333333,0.116652782539143,156984.537514662,0.442479610443115
NEUS,Merluccius bilinearis,common,south,extent,MaxEntPO,3000,0.728333333333333,0.22031736607895,156984.537514662,0.0180141925811768
NEUS,Merluccius bilinearis,common,south,extent,SpatialGAM,3000,0.728333333333333,0.14065926832862,156984.537514662,3.4976704120636
NEUS,Merluccius bilinearis,common,south,extent,GeostatGP,3000,0.728333333333333,0.144174778691311,156984.537514662,2.76313161849976
NEUS,Peprilus triacanthus,common,east,block,RF,3000,0.202333333333333,0.028752026738895,572.498277724236,1.00324606895447
NEUS,Peprilus triacanthus,common,east,block,SpatialRF,3000,0.202333333333333,0.0220535138148451,572.498277724236,1.85519409179688
NEUS,Peprilus triacanthus,common,east,block,BRT,3000,0.202333333333333,0.0726238367042394,572.498277724236,0.461810111999512
NEUS,Peprilus triacanthus,common,east,block,MaxEntPO,3000,0.202333333333333,0.117624465575411,572.498277724236,0.0161190032958984
NEUS,Peprilus triacanthus,common,east,block,SpatialGAM,3000,0.202333333333333,0.105764377749219,572.498277724236,3.97287631034851
NEUS,Peprilus triacanthus,common,east,block,GeostatGP,3000,0.202333333333333,0.105899499808551,572.498277724236,2.92978286743164
NEUS,Peprilus triacanthus,common,east,extent,RF,3000,0.415666666666667,0.0406291778503709,572.498277724236,1.29845857620239
NEUS,Peprilus triacanthus,common,east,extent,SpatialRF,3000,0.415666666666667,0.0317219369736508,572.498277724236,2.00210070610046
NEUS,Peprilus triacanthus,common,east,extent,BRT,3000,0.415666666666667,0.116055666019703,572.498277724236,0.459684610366821
NEUS,Peprilus triacanthus,common,east,extent,MaxEntPO,3000,0.415666666666667,0.31497598560177,572.498277724236,0.0169236660003662
NEUS,Peprilus triacanthus,common,east,extent,SpatialGAM,3000,0.415666666666667,0.148551886638003,572.498277724236,3.67533588409424
NEUS,Peprilus triacanthus,common,east,extent,GeostatGP,3000,0.415666666666667,0.149067393156636,572.498277724236,3.24378848075867
NEUS,Peprilus triacanthus,common,west,block,RF,3000,0.510666666666667,0.0526744668178476,572.498277724236,1.90943121910095
NEUS,Peprilus triacanthus,common,west,block,SpatialRF,3000,0.510666666666667,0.0389512154425766,572.498277724236,2.34597063064575
NEUS,Peprilus triacanthus,common,west,block,BRT,3000,0.510666666666667,0.139496993392721,572.498277724236,0.45168137550354
NEUS,Peprilus triacanthus,common,west,block,MaxEntPO,3000,0.510666666666667,0.211186893912792,572.498277724236,0.0198116302490234
NEUS,Peprilus triacanthus,common,west,block,SpatialGAM,3000,0.510666666666667,0.174211921448302,572.498277724236,6.22161412239075
NEUS,Peprilus triacanthus,common,west,block,GeostatGP,3000,0.510666666666667,0.173185507374679,572.498277724236,2.96959781646729
NEUS,Peprilus triacanthus,common,west,extent,RF,3000,0.365333333333333,0.0366512026788833,572.498277724236,1.13935327529907
NEUS,Peprilus triacanthus,common,west,extent,SpatialRF,3000,0.365333333333333,0.0270196550601543,572.498277724236,1.90321469306946
NEUS,Peprilus triacanthus,common,west,extent,BRT,3000,0.365333333333333,0.100723563928214,572.498277724236,0.467513561248779
NEUS,Peprilus triacanthus,common,west,extent,MaxEntPO,3000,0.365333333333333,0.194918440144774,572.498277724236,0.0216937065124512
NEUS,Peprilus triacanthus,common,west,extent,SpatialGAM,3000,0.365333333333333,0.126263813095629,572.498277724236,3.76482105255127
NEUS,Peprilus triacanthus,common,west,extent,GeostatGP,3000,0.365333333333333,0.12704090776224,572.498277724236,2.65534353256226
NEUS,Peprilus triacanthus,common,north,block,RF,3000,0.148666666666667,0.0231730484379325,572.498277724236,0.97245979309082
NEUS,Peprilus triacanthus,common,north,block,SpatialRF,3000,0.148666666666667,0.0199290256980834,572.498277724236,1.67361569404602
NEUS,Peprilus triacanthus,common,north,block,BRT,3000,0.148666666666667,0.0600014336437321,572.498277724236,0.449035882949829
NEUS,Peprilus triacanthus,common,north,block,MaxEntPO,3000,0.148666666666667,0.114237429987092,572.498277724236,0.0145783424377441
NEUS,Peprilus triacanthus,common,north,block,SpatialGAM,3000,0.148666666666667,0.097703015150035,572.498277724236,4.31288814544678
NEUS,Peprilus triacanthus,common,north,block,GeostatGP,3000,0.148666666666667,0.0982725674329322,572.498277724236,2.79765725135803
NEUS,Peprilus triacanthus,common,north,extent,RF,3000,0.437333333333333,0.0427075191651933,572.498277724236,1.19927620887756
NEUS,Peprilus triacanthus,common,north,extent,SpatialRF,3000,0.437333333333333,0.0321586190090135,572.498277724236,2.09318232536316
NEUS,Peprilus triacanthus,common,north,extent,BRT,3000,0.437333333333333,0.117421987168039,572.498277724236,0.461502552032471
NEUS,Peprilus triacanthus,common,north,extent,MaxEntPO,3000,0.437333333333333,0.24317004484017,572.498277724236,0.0183172225952148
NEUS,Peprilus triacanthus,common,north,extent,SpatialGAM,3000,0.437333333333333,0.150637948733366,572.498277724236,5.43241286277771
NEUS,Peprilus triacanthus,common,north,extent,GeostatGP,3000,0.437333333333333,0.150434600086894,572.498277724236,3.01138472557068
NEUS,Peprilus triacanthus,common,south,block,RF,3000,0.532666666666667,0.0536382093794984,572.498277724236,1.35998129844666
NEUS,Peprilus triacanthus,common,south,block,SpatialRF,3000,0.532666666666667,0.0387780737012035,572.498277724236,2.36563181877136
NEUS,Peprilus triacanthus,common,south,block,BRT,3000,0.532666666666667,0.147949014065719,572.498277724236,0.448479652404785
NEUS,Peprilus triacanthus,common,south,block,MaxEntPO,3000,0.532666666666667,0.26274717767433,572.498277724236,0.018977165222168
NEUS,Peprilus triacanthus,common,south,block,SpatialGAM,3000,0.532666666666667,0.182719563771177,572.498277724236,3.68161678314209
NEUS,Peprilus triacanthus,common,south,block,GeostatGP,3000,0.532666666666667,0.183670887873884,572.498277724236,2.61737132072449
NEUS,Peprilus triacanthus,common,south,extent,RF,3000,0.33,0.0355033140868098,572.498277724236,1.24794054031372
NEUS,Peprilus triacanthus,common,south,extent,SpatialRF,3000,0.33,0.027787074752157,572.498277724236,2.05953574180603
NEUS,Peprilus triacanthus,common,south,extent,BRT,3000,0.33,0.0980490038381356,572.498277724236,0.460608959197998
NEUS,Peprilus triacanthus,common,south,extent,MaxEntPO,3000,0.33,0.178313977100388,572.498277724236,0.0180208683013916
NEUS,Peprilus triacanthus,common,south,extent,SpatialGAM,3000,0.33,0.126768080712956,572.498277724236,3.17872166633606
NEUS,Peprilus triacanthus,common,south,extent,GeostatGP,3000,0.33,0.127528758952094,572.498277724236,3.12928318977356
NEUS,Lophius americanus,common,east,block,RF,3000,0.235,0.0380673406611553,1093.45373736192,1.25511574745178
NEUS,Lophius americanus,common,east,block,SpatialRF,3000,0.235,0.0303580574044484,1093.45373736192,2.15416884422302
NEUS,Lophius americanus,common,east,block,BRT,3000,0.235,0.110349838033044,1093.45373736192,0.433544874191284
NEUS,Lophius americanus,common,east,block,MaxEntPO,3000,0.235,0.167828701358387,1093.45373736192,0.0146703720092773
NEUS,Lophius americanus,common,east,block,SpatialGAM,3000,0.235,0.148239183691295,1093.45373736192,3.51931858062744
NEUS,Lophius americanus,common,east,block,GeostatGP,3000,0.235,0.150989724836323,1093.45373736192,2.31508803367615
NEUS,Lophius americanus,common,east,extent,RF,3000,0.305333333333333,0.0394127392573231,1093.45373736192,1.24044823646545
NEUS,Lophius americanus,common,east,extent,SpatialRF,3000,0.305333333333333,0.0323960009848481,1093.45373736192,2.01873731613159
NEUS,Lophius americanus,common,east,extent,BRT,3000,0.305333333333333,0.116822967368502,1093.45373736192,0.456762075424194
NEUS,Lophius americanus,common,east,extent,MaxEntPO,3000,0.305333333333333,0.174330516157337,1093.45373736192,0.015594482421875
NEUS,Lophius americanus,common,east,extent,SpatialGAM,3000,0.305333333333333,0.157535941567377,1093.45373736192,5.03780102729797
NEUS,Lophius americanus,common,east,extent,GeostatGP,3000,0.305333333333333,0.158235188288743,1093.45373736192,2.80673170089722
NEUS,Lophius americanus,common,west,block,RF,3000,0.103,0.0186536974242558,1093.45373736192,0.90458083152771
NEUS,Lophius americanus,common,west,block,SpatialRF,3000,0.103,0.0152461074735266,1093.45373736192,1.38090372085571
NEUS,Lophius americanus,common,west,block,BRT,3000,0.103,0.045599739096945,1093.45373736192,0.461523532867432
NEUS,Lophius americanus,common,west,block,MaxEntPO,3000,0.103,0.0886271471580796,1093.45373736192,0.0162169933319092
NEUS,Lophius americanus,common,west,block,SpatialGAM,3000,0.103,0.0686225165818231,1093.45373736192,2.4587254524231
NEUS,Lophius americanus,common,west,block,GeostatGP,3000,0.103,0.0690272577443989,1093.45373736192,2.24019074440002
NEUS,Lophius americanus,common,west,extent,RF,3000,0.325333333333333,0.0441083480082732,1093.45373736192,1.36022186279297
NEUS,Lophius americanus,common,west,extent,SpatialRF,3000,0.325333333333333,0.0357556045580129,1093.45373736192,2.13195562362671
NEUS,Lophius americanus,common,west,extent,BRT,3000,0.325333333333333,0.140393573148875,1093.45373736192,0.447021961212158
NEUS,Lophius americanus,common,west,extent,MaxEntPO,3000,0.325333333333333,0.203280648415362,1093.45373736192,0.0164730548858643
NEUS,Lophius americanus,common,west,extent,SpatialGAM,3000,0.325333333333333,0.174899872312438,1093.45373736192,6.12387466430664
NEUS,Lophius americanus,common,west,extent,GeostatGP,3000,0.325333333333333,0.174814008434931,1093.45373736192,2.12778615951538
NEUS,Lophius americanus,common,north,block,RF,3000,0.444666666666667,0.051941649452014,1093.45373736192,1.37190461158752
NEUS,Lophius americanus,common,north,block,SpatialRF,3000,0.444666666666667,0.0397928160508642,1093.45373736192,2.30446696281433
NEUS,Lophius americanus,common,north,block,BRT,3000,0.444666666666667,0.161402944503149,1093.45373736192,0.443480730056763
NEUS,Lophius americanus,common,north,block,MaxEntPO,3000,0.444666666666667,0.249696203316913,1093.45373736192,0.0188772678375244
NEUS,Lophius americanus,common,north,block,SpatialGAM,3000,0.444666666666667,0.208126967371743,1093.45373736192,2.61938714981079
NEUS,Lophius americanus,common,north,block,GeostatGP,3000,0.444666666666667,0.205976857667837,1093.45373736192,2.82858347892761
NEUS,Lophius americanus,common,north,extent,RF,3000,0.237666666666667,0.038618607686752,1093.45373736192,1.33065462112427
NEUS,Lophius americanus,common,north,extent,SpatialRF,3000,0.237666666666667,0.0304500352596496,1093.45373736192,2.03540086746216
NEUS,Lophius americanus,common,north,extent,BRT,3000,0.237666666666667,0.113554610693714,1093.45373736192,0.479824781417847
NEUS,Lophius americanus,common,north,extent,MaxEntPO,3000,0.237666666666667,0.160013608394038,1093.45373736192,0.0183093547821045
NEUS,Lophius americanus,common,north,extent,SpatialGAM,3000,0.237666666666667,0.141004981823197,1093.45373736192,4.19996047019959
NEUS,Lophius americanus,common,north,extent,GeostatGP,3000,0.237666666666667,0.142762735695702,1093.45373736192,2.54032111167908
NEUS,Lophius americanus,common,south,block,RF,3000,0.157,0.0263493420142693,1093.45373736192,0.981860160827637
NEUS,Lophius americanus,common,south,block,SpatialRF,3000,0.157,0.0223199778721909,1093.45373736192,1.64444160461426
NEUS,Lophius americanus,common,south,block,BRT,3000,0.157,0.0702858322895391,1093.45373736192,0.476928472518921
NEUS,Lophius americanus,common,south,block,MaxEntPO,3000,0.157,0.11756614563837,1093.45373736192,0.0158565044403076
NEUS,Lophius americanus,common,south,block,SpatialGAM,3000,0.157,0.100240302542851,1093.45373736192,4.65783619880676
NEUS,Lophius americanus,common,south,block,GeostatGP,3000,0.157,0.101045653512972,1093.45373736192,2.10190796852112
NEUS,Lophius americanus,common,south,extent,RF,3000,0.326333333333333,0.0440195848545216,1093.45373736192,1.39230346679688
NEUS,Lophius americanus,common,south,extent,SpatialRF,3000,0.326333333333333,0.0361678655374137,1093.45373736192,2.19407224655151
NEUS,Lophius americanus,common,south,extent,BRT,3000,0.326333333333333,0.13566971166082,1093.45373736192,0.457920789718628
NEUS,Lophius americanus,common,south,extent,MaxEntPO,3000,0.326333333333333,0.19725381840508,1093.45373736192,0.0155978202819824
NEUS,Lophius americanus,common,south,extent,SpatialGAM,3000,0.326333333333333,0.170094212145392,1093.45373736192,4.00871801376343
NEUS,Lophius americanus,common,south,extent,GeostatGP,3000,0.326333333333333,0.169538708155071,1093.45373736192,2.65804386138916
NEUS,Alosa pseudoharengus,common,east,block,RF,3000,0.182,0.029570105103956,260.673991736053,1.10006785392761
NEUS,Alosa pseudoharengus,common,east,block,SpatialRF,3000,0.182,0.0221230256750575,260.673991736053,1.79590249061584
NEUS,Alosa pseudoharengus,common,east,block,BRT,3000,0.182,0.0843377838405359,260.673991736053,0.466184616088867
NEUS,Alosa pseudoharengus,common,east,block,MaxEntPO,3000,0.182,0.141217003757396,260.673991736053,0.0170309543609619
NEUS,Alosa pseudoharengus,common,east,block,SpatialGAM,3000,0.182,0.103472347640739,260.673991736053,2.64371466636658
NEUS,Alosa pseudoharengus,common,east,block,GeostatGP,3000,0.182,0.103775951282812,260.673991736053,2.47466945648193
NEUS,Alosa pseudoharengus,common,east,extent,RF,3000,0.274666666666667,0.0381631079318733,260.673991736053,1.1377854347229
NEUS,Alosa pseudoharengus,common,east,extent,SpatialRF,3000,0.274666666666667,0.0265693565593493,260.673991736053,1.81264662742615
NEUS,Alosa pseudoharengus,common,east,extent,BRT,3000,0.274666666666667,0.105598711368783,260.673991736053,0.465860843658447
NEUS,Alosa pseudoharengus,common,east,extent,MaxEntPO,3000,0.274666666666667,0.153436991101678,260.673991736053,0.0169970989227295
NEUS,Alosa pseudoharengus,common,east,extent,SpatialGAM,3000,0.274666666666667,0.130251390771084,260.673991736053,3.14412307739258
NEUS,Alosa pseudoharengus,common,east,extent,GeostatGP,3000,0.274666666666667,0.130546803343615,260.673991736053,2.68780779838562
NEUS,Alosa pseudoharengus,common,west,block,RF,3000,0.115,0.0217933481331873,260.673991736053,0.677675008773804
NEUS,Alosa pseudoharengus,common,west,block,SpatialRF,3000,0.115,0.0145155635695675,260.673991736053,1.22306895256042
NEUS,Alosa pseudoharengus,common,west,block,BRT,3000,0.115,0.0431877508960445,260.673991736053,0.445020198822022
NEUS,Alosa pseudoharengus,common,west,block,MaxEntPO,3000,0.115,0.0738254590289541,260.673991736053,0.0156650543212891
NEUS,Alosa pseudoharengus,common,west,block,SpatialGAM,3000,0.115,0.0668450852787565,260.673991736053,3.55625510215759
NEUS,Alosa pseudoharengus,common,west,block,GeostatGP,3000,0.115,0.0669520501285065,260.673991736053,2.30273175239563
NEUS,Alosa pseudoharengus,common,west,extent,RF,3000,0.287333333333333,0.0394177413377511,260.673991736053,1.27845191955566
NEUS,Alosa pseudoharengus,common,west,extent,SpatialRF,3000,0.287333333333333,0.0280809631361098,260.673991736053,1.99375772476196
NEUS,Alosa pseudoharengus,common,west,extent,BRT,3000,0.287333333333333,0.120119632595685,260.673991736053,0.462924003601074
NEUS,Alosa pseudoharengus,common,west,extent,MaxEntPO,3000,0.287333333333333,0.180462122996438,260.673991736053,0.0156986713409424
NEUS,Alosa pseudoharengus,common,west,extent,SpatialGAM,3000,0.287333333333333,0.131903210842254,260.673991736053,3.2316746711731
NEUS,Alosa pseudoharengus,common,west,extent,GeostatGP,3000,0.287333333333333,0.134382716229071,260.673991736053,2.36970520019531
NEUS,Alosa pseudoharengus,common,north,block,RF,3000,0.457,0.046650481342577,260.673991736053,1.27007412910461
NEUS,Alosa pseudoharengus,common,north,block,SpatialRF,3000,0.457,0.0350473223696839,260.673991736053,2.16808795928955
NEUS,Alosa pseudoharengus,common,north,block,BRT,3000,0.457,0.137828277233668,260.673991736053,0.463220596313477
NEUS,Alosa pseudoharengus,common,north,block,MaxEntPO,3000,0.457,0.236191249244226,260.673991736053,0.015904426574707
NEUS,Alosa pseudoharengus,common,north,block,SpatialGAM,3000,0.457,0.18689337570251,260.673991736053,3.21045923233032
NEUS,Alosa pseudoharengus,common,north,block,GeostatGP,3000,0.457,0.18939176981158,260.673991736053,2.54508376121521
NEUS,Alosa pseudoharengus,common,north,extent,RF,3000,0.207333333333333,0.0354366824251428,260.673991736053,1.16453504562378
NEUS,Alosa pseudoharengus,common,north,extent,SpatialRF,3000,0.207333333333333,0.0228814903884816,260.673991736053,1.74199366569519
NEUS,Alosa pseudoharengus,common,north,extent,BRT,3000,0.207333333333333,0.0990626727389109,260.673991736053,0.449368476867676
NEUS,Alosa pseudoharengus,common,north,extent,MaxEntPO,3000,0.207333333333333,0.13292536845783,260.673991736053,0.0145552158355713
NEUS,Alosa pseudoharengus,common,north,extent,SpatialGAM,3000,0.207333333333333,0.105516242616328,260.673991736053,2.91538095474243
NEUS,Alosa pseudoharengus,common,north,extent,GeostatGP,3000,0.207333333333333,0.106065082217635,260.673991736053,2.54475808143616
NEUS,Alosa pseudoharengus,common,south,block,RF,3000,0.0893333333333333,0.0156831912882087,260.673991736053,0.710585355758667
NEUS,Alosa pseudoharengus,common,south,block,SpatialRF,3000,0.0893333333333333,0.0119261190788285,260.673991736053,1.14933943748474
NEUS,Alosa pseudoharengus,common,south,block,BRT,3000,0.0893333333333333,0.0319657600282052,260.673991736053,0.450283527374268
NEUS,Alosa pseudoharengus,common,south,block,MaxEntPO,3000,0.0893333333333333,0.0628156321164894,260.673991736053,0.0160911083221436
NEUS,Alosa pseudoharengus,common,south,block,SpatialGAM,3000,0.0893333333333333,0.0574574338680183,260.673991736053,3.16577076911926
NEUS,Alosa pseudoharengus,common,south,block,GeostatGP,3000,0.0893333333333333,0.0573759195571608,260.673991736053,3.0886914730072
NEUS,Alosa pseudoharengus,common,south,extent,RF,3000,0.318666666666667,0.039758047485632,260.673991736053,1.35475182533264
NEUS,Alosa pseudoharengus,common,south,extent,SpatialRF,3000,0.318666666666667,0.02785036215561,260.673991736053,1.91435694694519
NEUS,Alosa pseudoharengus,common,south,extent,BRT,3000,0.318666666666667,0.122319726769135,260.673991736053,0.456277847290039
NEUS,Alosa pseudoharengus,common,south,extent,MaxEntPO,3000,0.318666666666667,0.185361613161446,260.673991736053,0.0162019729614258
NEUS,Alosa pseudoharengus,common,south,extent,SpatialGAM,3000,0.318666666666667,0.139845409721505,260.673991736053,3.21769833564758
NEUS,Alosa pseudoharengus,common,south,extent,GeostatGP,3000,0.318666666666667,0.13984886893358,260.673991736053,2.67314648628235
NEUS,Leucoraja ocellata,common,east,block,RF,3000,0.355,0.035528569649328,402.995458603697,1.20089936256409
NEUS,Leucoraja ocellata,common,east,block,SpatialRF,3000,0.355,0.0252476678427704,402.995458603697,1.83631801605225
NEUS,Leucoraja ocellata,common,east,block,BRT,3000,0.355,0.099637951607054,402.995458603697,0.449938535690308
NEUS,Leucoraja ocellata,common,east,block,MaxEntPO,3000,0.355,0.189905405155641,402.995458603697,0.0197775363922119
NEUS,Leucoraja ocellata,common,east,block,SpatialGAM,3000,0.355,0.118166421607868,402.995458603697,2.98848748207092
NEUS,Leucoraja ocellata,common,east,block,GeostatGP,3000,0.355,0.119865145608623,402.995458603697,2.55394744873047
NEUS,Leucoraja ocellata,common,east,extent,RF,3000,0.224666666666667,0.0332238530121643,402.995458603697,1.21959614753723
NEUS,Leucoraja ocellata,common,east,extent,SpatialRF,3000,0.224666666666667,0.0207034785063883,402.995458603697,1.67888450622559
NEUS,Leucoraja ocellata,common,east,extent,BRT,3000,0.224666666666667,0.0935483659343114,402.995458603697,0.461328506469727
NEUS,Leucoraja ocellata,common,east,extent,MaxEntPO,3000,0.224666666666667,0.152519475443464,402.995458603697,0.0155813694000244
NEUS,Leucoraja ocellata,common,east,extent,SpatialGAM,3000,0.224666666666667,0.106587235632355,402.995458603697,3.15047788619995
NEUS,Leucoraja ocellata,common,east,extent,GeostatGP,3000,0.224666666666667,0.107902611262089,402.995458603697,2.88649201393127
NEUS,Leucoraja ocellata,common,west,block,RF,3000,0.093,0.0148420154236931,402.995458603697,0.661948442459106
NEUS,Leucoraja ocellata,common,west,block,SpatialRF,3000,0.093,0.0109726942454979,402.995458603697,1.13833975791931
NEUS,Leucoraja ocellata,common,west,block,BRT,3000,0.093,0.0295353052892651,402.995458603697,0.424015998840332
NEUS,Leucoraja ocellata,common,west,block,MaxEntPO,3000,0.093,0.0695603155625138,402.995458603697,0.0150344371795654
NEUS,Leucoraja ocellata,common,west,block,SpatialGAM,3000,0.093,0.0635088044192706,402.995458603697,6.1052896976471
NEUS,Leucoraja ocellata,common,west,block,GeostatGP,3000,0.093,0.0633921294615974,402.995458603697,2.4437313079834
NEUS,Leucoraja ocellata,common,west,extent,RF,3000,0.286666666666667,0.0382577017999044,402.995458603697,1.20773005485535
NEUS,Leucoraja ocellata,common,west,extent,SpatialRF,3000,0.286666666666667,0.0256412494071396,402.995458603697,1.85933470726013
NEUS,Leucoraja ocellata,common,west,extent,BRT,3000,0.286666666666667,0.109358470570106,402.995458603697,0.459276914596558
NEUS,Leucoraja ocellata,common,west,extent,MaxEntPO,3000,0.286666666666667,0.17113600097311,402.995458603697,0.0151722431182861
NEUS,Leucoraja ocellata,common,west,extent,SpatialGAM,3000,0.286666666666667,0.122976858142829,402.995458603697,4.05667567253113
NEUS,Leucoraja ocellata,common,west,extent,GeostatGP,3000,0.286666666666667,0.12376347450528,402.995458603697,2.80210971832275
NEUS,Leucoraja ocellata,common,north,block,RF,3000,0.0656666666666667,0.0162064345207182,402.995458603697,0.902138233184814
NEUS,Leucoraja ocellata,common,north,block,SpatialRF,3000,0.0656666666666667,0.0125238158397559,402.995458603697,1.46380567550659
NEUS,Leucoraja ocellata,common,north,block,BRT,3000,0.0656666666666667,0.0391486684086942,402.995458603697,0.4315345287323
NEUS,Leucoraja ocellata,common,north,block,MaxEntPO,3000,0.0656666666666667,0.062570420861797,402.995458603697,0.0141947269439697
NEUS,Leucoraja ocellata,common,north,block,SpatialGAM,3000,0.0656666666666667,0.0537077710476853,402.995458603697,2.74362301826477
NEUS,Leucoraja ocellata,common,north,block,GeostatGP,3000,0.0656666666666667,0.0536852450896831,402.995458603697,2.51699995994568
NEUS,Leucoraja ocellata,common,north,extent,RF,3000,0.308,0.0390222987747535,402.995458603697,1.21840453147888
NEUS,Leucoraja ocellata,common,north,extent,SpatialRF,3000,0.308,0.023659288687101,402.995458603697,1.75335383415222
NEUS,Leucoraja ocellata,common,north,extent,BRT,3000,0.308,0.112710109728707,402.995458603697,0.474157333374023
NEUS,Leucoraja ocellata,common,north,extent,MaxEntPO,3000,0.308,0.188419913347775,402.995458603697,0.0152745246887207
NEUS,Leucoraja ocellata,common,north,extent,SpatialGAM,3000,0.308,0.124956974418089,402.995458603697,7.91783046722412
NEUS,Leucoraja ocellata,common,north,extent,GeostatGP,3000,0.308,0.125844506670329,402.995458603697,2.72871971130371
NEUS,Leucoraja ocellata,common,south,block,RF,3000,0.0786666666666667,0.0108849760147769,402.995458603697,0.709998607635498
NEUS,Leucoraja ocellata,common,south,block,SpatialRF,3000,0.0786666666666667,0.00863436147145458,402.995458603697,1.0814061164856
NEUS,Leucoraja ocellata,common,south,block,BRT,3000,0.0786666666666667,0.0203851384292998,402.995458603697,0.472569465637207
NEUS,Leucoraja ocellata,common,south,block,MaxEntPO,3000,0.0786666666666667,0.0595962571941047,402.995458603697,0.018402099609375
NEUS,Leucoraja ocellata,common,south,block,SpatialGAM,3000,0.0786666666666667,0.0540028381722259,402.995458603697,1.9876561164856
NEUS,Leucoraja ocellata,common,south,block,GeostatGP,3000,0.0786666666666667,0.0539062882013205,402.995458603697,2.66142010688782
NEUS,Leucoraja ocellata,common,south,extent,RF,3000,0.291,0.0376214506698023,402.995458603697,1.26912879943848
NEUS,Leucoraja ocellata,common,south,extent,SpatialRF,3000,0.291,0.0264315890342572,402.995458603697,1.8952431678772
NEUS,Leucoraja ocellata,common,south,extent,BRT,3000,0.291,0.11272503248615,402.995458603697,0.459769248962402
NEUS,Leucoraja ocellata,common,south,extent,MaxEntPO,3000,0.291,0.175064790494192,402.995458603697,0.0148661136627197
NEUS,Leucoraja ocellata,common,south,extent,SpatialGAM,3000,0.291,0.125357681033373,402.995458603697,4.22038650512695
NEUS,Leucoraja ocellata,common,south,extent,GeostatGP,3000,0.291,0.126277029376785,402.995458603697,2.49113821983337
